model,variant,target,file,bytes,sha256,dev_forced_macro_f1_a100,dev_letter_kld_a100,rule
Qwen3.5-2B,ours-general,1GB-package (LM + Q8_0 mmproj < 1e9 B; also 640MB),Qwen3.5-2B/Qwen3.5-2B-ours-general3-1GBpkg-eQ2_K.gguf,637772032,15f290631b8c35cc2350c05283b0d80f527ac179534947264a74055a4e6a6776,0.3796,0.4807,ours-general: highest BRACOL dev forced_macro_f1 among ours-general files at the target; ours-task: same template as the chosen ours-general file (LOG 2026-10-04 06:5x)
Qwen3.5-2B,ours-task,1GB-package (LM + Q8_0 mmproj < 1e9 B; also 640MB),Qwen3.5-2B/Qwen3.5-2B-ours-task-1GBpkg-eQ2_K.gguf,637772032,cb88d42f51a6c0e8b4d1d3ff04fb9718c130911e312abe9a286213badce49dec,0.5962,0.1649,ours-general: highest BRACOL dev forced_macro_f1 among ours-general files at the target; ours-task: same template as the chosen ours-general file (LOG 2026-10-04 06:5x)
Qwen3.5-2B,ours-general,700MB,Qwen3.5-2B/Qwen3.5-2B-ours-general3-700M-eIQ3_XXS.gguf,699662592,119e41d3994e7690c2d9fe37cdf1ac4a92c6f335e511777efe949ab01c9bb104,0.4788,0.4147,ours-general: highest BRACOL dev forced_macro_f1 among ours-general files at the target; ours-task: same template as the chosen ours-general file (LOG 2026-10-04 06:5x)
Qwen3.5-2B,ours-task,700MB,Qwen3.5-2B/Qwen3.5-2B-ours-task-700M-eIQ3_XXS.gguf,699662592,f11738b56084388ddeda8598ff50ba4df59305effa0ca22c2ee25136eb848b1c,0.5091,0.1099,ours-general: highest BRACOL dev forced_macro_f1 among ours-general files at the target; ours-task: same template as the chosen ours-general file (LOG 2026-10-04 06:5x)
Qwen3.5-2B,ours-general,"UD-IQ2_XXS (768,270,592 B)",Qwen3.5-2B/Qwen3.5-2B-ours-general2-768M-v2.gguf,767965440,434e816d5dcf0e951a346503813ac26fd4304a29f4fbae2000a295363592667d,0.5143,0.2137,ours-general: highest BRACOL dev forced_macro_f1 among ours-general files at the target; ours-task: same template as the chosen ours-general file (LOG 2026-10-04 06:5x)
Qwen3.5-2B,ours-task,"UD-IQ2_XXS (768,270,592 B)",Qwen3.5-2B/Qwen3.5-2B-ours-task-768M-v2.gguf,767965440,ceebba52129bc468320f2933953acd456a2d69da0833f68337518977af96cedb,0.6082,0.1033,ours-general: highest BRACOL dev forced_macro_f1 among ours-general files at the target; ours-task: same template as the chosen ours-general file (LOG 2026-10-04 06:5x)
Qwen3.5-2B,ours-general,"UD-IQ2_M (859,857,152 B)",Qwen3.5-2B/Qwen3.5-2B-ours-general3-UD-IQ2_M.gguf,859857152,7c764320756c2fea239aeaa895391400ac58cb09f869bdf59f7a6cd209534835,0.3677,0.3835,ours-general: highest BRACOL dev forced_macro_f1 among ours-general files at the target; ours-task: same template as the chosen ours-general file (LOG 2026-10-04 06:5x)
Qwen3.5-2B,ours-task,"UD-IQ2_M (859,857,152 B)",Qwen3.5-2B/Qwen3.5-2B-ours-task-UD-IQ2_M.gguf,859857152,cb18021f4c9ff64ee8a35967b39de35aae0d13d2faf7ae027b12635b99628e16,0.587,0.0704,ours-general: highest BRACOL dev forced_macro_f1 among ours-general files at the target; ours-task: same template as the chosen ours-general file (LOG 2026-10-04 06:5x)
Qwen3.5-2B,ours-general,"UD-IQ3_XXS (931,823,872 B)",Qwen3.5-2B/Qwen3.5-2B-ours-general2-UD-IQ3_XXS.gguf,931823872,2bc8206a1d991c1bacf6e4872d516e211f38087a8c8829db3ffd1208514329ac,0.5326,0.1037,ours-general: highest BRACOL dev forced_macro_f1 among ours-general files at the target; ours-task: same template as the chosen ours-general file (LOG 2026-10-04 06:5x)
Qwen3.5-2B,ours-task,"UD-IQ3_XXS (931,823,872 B)",Qwen3.5-2B/Qwen3.5-2B-ours-task-UD-IQ3_XXS.gguf,931823872,83e484d866ad14ffcaf5d27ceac543c82d4efb5a6b2699e5a1aeab9f2ca88d6b,0.5856,0.1097,ours-general: highest BRACOL dev forced_macro_f1 among ours-general files at the target; ours-task: same template as the chosen ours-general file (LOG 2026-10-04 06:5x)
Qwen3.5-2B,ours-general,"UD-Q2_K_XL (966,533,376 B)",Qwen3.5-2B/Qwen3.5-2B-ours-general3-967M-v2b.gguf,966172928,078d600a073e6a0a2c66c3906052201c212e0f6aeaa6b99836c47530b685d591,0.3819,0.1895,ours-general: highest BRACOL dev forced_macro_f1 among ours-general files at the target; ours-task: same template as the chosen ours-general file (LOG 2026-10-04 06:5x)
Qwen3.5-2B,ours-task,"UD-Q2_K_XL (966,533,376 B)",Qwen3.5-2B/Qwen3.5-2B-ours-task-967M-v2b.gguf,966172928,690cf52165a1fbd901a749d3c2400be710a3984e030742f2ef6b16cc1a9250ec,0.2887,0.3089,ours-general: highest BRACOL dev forced_macro_f1 among ours-general files at the target; ours-task: same template as the chosen ours-general file (LOG 2026-10-04 06:5x)
Qwen3.5-0.8B,ours-general,1GB-package (LM + Q8_0 mmproj < 1e9 B),Qwen3.5-0.8B/Qwen3.5-0.8B-ours-general-1GBpkg-Q8_0.gguf,811843840,82fb504f98c577190dfc0d7df131a0bd762c269b4e4a2c549b941ac5446c06f6,0.3862,0.0021,ours-general: highest BRACOL dev forced_macro_f1 among ours-general files at the target (ties: lower letter_kld); ours-task: same template as the chosen ours-general file (LOG 2026-10-04 06:5x)
Qwen3.5-0.8B,ours-task,1GB-package (LM + Q8_0 mmproj < 1e9 B),Qwen3.5-0.8B/Qwen3.5-0.8B-ours-task-1GBpkg-Q8_0.gguf,811843840,6ae4e986bb7d291dad541f61c62f05d4e55ab6067c611127db6c0922aecc1538,0.3592,0.0032,ours-general: highest BRACOL dev forced_macro_f1 among ours-general files at the target (ties: lower letter_kld); ours-task: same template as the chosen ours-general file (LOG 2026-10-04 06:5x)
Qwen3.5-0.8B,ours-general,UD-IQ2_M (Unsloth Qwen3.5-0.8B-UD-IQ2_M.gguf same bytes),Qwen3.5-0.8B/Qwen3.5-0.8B-ours-general2-UD-IQ2_M.gguf,371933440,5860b85d5cff9687a47f6d41e793cd4dd0ba4df82525e1d308ad3c49572d40d8,0.1818,0.1143,ours-general: highest BRACOL dev forced_macro_f1 among ours-general files at the target (ties: lower letter_kld); ours-task: same template as the chosen ours-general file (LOG 2026-10-04 06:5x)
Qwen3.5-0.8B,ours-task,UD-IQ2_M (Unsloth Qwen3.5-0.8B-UD-IQ2_M.gguf same bytes),Qwen3.5-0.8B/Qwen3.5-0.8B-ours-task-UD-IQ2_M.gguf,371933440,ae26161d2265fdf7d29fc5a4820c88d237d104c9cadd6dae8e925f8882dba7b3,0.2174,0.1704,ours-general: highest BRACOL dev forced_macro_f1 among ours-general files at the target (ties: lower letter_kld); ours-task: same template as the chosen ours-general file (LOG 2026-10-04 06:5x)
Qwen3.5-0.8B,ours-general,UD-IQ3_XXS (Unsloth Qwen3.5-0.8B-UD-IQ3_XXS.gguf same bytes),Qwen3.5-0.8B/Qwen3.5-0.8B-ours-general2-UD-IQ3_XXS.gguf,398237952,ae44db9ed4dd4b79143d8dbd64727c38fabd27968dbe567f87fd877ea025892b,0.2888,0.083,ours-general: highest BRACOL dev forced_macro_f1 among ours-general files at the target (ties: lower letter_kld); ours-task: same template as the chosen ours-general file (LOG 2026-10-04 06:5x)
Qwen3.5-0.8B,ours-task,UD-IQ3_XXS (Unsloth Qwen3.5-0.8B-UD-IQ3_XXS.gguf same bytes),Qwen3.5-0.8B/Qwen3.5-0.8B-ours-task-UD-IQ3_XXS.gguf,398237952,25f900db7ff479eb054e0f72504894395aca37c7b81913c8272484e1b8732d4d,0.2811,0.0665,ours-general: highest BRACOL dev forced_macro_f1 among ours-general files at the target (ties: lower letter_kld); ours-task: same template as the chosen ours-general file (LOG 2026-10-04 06:5x)
Qwen3.5-0.8B,ours-general,UD-Q2_K_XL (Unsloth Qwen3.5-0.8B-UD-Q2_K_XL.gguf same bytes),Qwen3.5-0.8B/Qwen3.5-0.8B-ours-general2-UD-Q2_K_XL.gguf,417718528,05839bd9997385aaa7a919c96fb0d538bdd700248f072b77310e99a58b2cddd9,0.2368,0.0374,ours-general: highest BRACOL dev forced_macro_f1 among ours-general files at the target (ties: lower letter_kld); ours-task: same template as the chosen ours-general file (LOG 2026-10-04 06:5x)
Qwen3.5-0.8B,ours-task,UD-Q2_K_XL (Unsloth Qwen3.5-0.8B-UD-Q2_K_XL.gguf same bytes),Qwen3.5-0.8B/Qwen3.5-0.8B-ours-task-UD-Q2_K_XL.gguf,417718528,ef7993d2b7566eac7a75c647eaa6b93cf41677c976b1422ec61bffa4b2c015d1,0.389,0.0643,ours-general: highest BRACOL dev forced_macro_f1 among ours-general files at the target (ties: lower letter_kld); ours-task: same template as the chosen ours-general file (LOG 2026-10-04 06:5x)
Qwen3.5-0.8B,ours-general,Q3_K_S (Unsloth Qwen3.5-0.8B-Q3_K_S.gguf same bytes),Qwen3.5-0.8B/Qwen3.5-0.8B-ours-general2-Q3_K_S.gguf,440750336,16a16f6d94ce8f9d87465c224e8e5c08d49189d2a960f6339222ad54ffc9d21b,0.0495,0.1732,ours-general: highest BRACOL dev forced_macro_f1 among ours-general files at the target (ties: lower letter_kld); ours-task: same template as the chosen ours-general file (LOG 2026-10-04 06:5x)
Qwen3.5-0.8B,ours-task,Q3_K_S (Unsloth Qwen3.5-0.8B-Q3_K_S.gguf same bytes),Qwen3.5-0.8B/Qwen3.5-0.8B-ours-task-Q3_K_S.gguf,440750336,7f0bb402d303297140fc843614c048e826b765352b980869b9a19a0d4e1ab6bb,0.382,0.0277,ours-general: highest BRACOL dev forced_macro_f1 among ours-general files at the target (ties: lower letter_kld); ours-task: same template as the chosen ours-general file (LOG 2026-10-04 06:5x)
Qwen3.5-0.8B,ours-general,Q3_K_M (Unsloth Qwen3.5-0.8B-Q3_K_M.gguf same bytes),Qwen3.5-0.8B/Qwen3.5-0.8B-ours-general2-Q3_K_M.gguf,470167808,b0c19c18977ffbdff74a548f4ddbf516906f16797d01e9c85826b1126d0d98a0,0.2435,0.0317,ours-general: highest BRACOL dev forced_macro_f1 among ours-general files at the target (ties: lower letter_kld); ours-task: same template as the chosen ours-general file (LOG 2026-10-04 06:5x)
Qwen3.5-0.8B,ours-task,Q3_K_M (Unsloth Qwen3.5-0.8B-Q3_K_M.gguf same bytes),Qwen3.5-0.8B/Qwen3.5-0.8B-ours-task-Q3_K_M.gguf,470167808,3fd1106328802616c01d60ce6b19fdc18b710865a48f06c95e72a58d9828f88e,0.2865,0.1465,ours-general: highest BRACOL dev forced_macro_f1 among ours-general files at the target (ties: lower letter_kld); ours-task: same template as the chosen ours-general file (LOG 2026-10-04 06:5x)
Qwen3.5-0.8B,ours-general,Q4_K_S (Unsloth Qwen3.5-0.8B-Q4_K_S.gguf same bytes),Qwen3.5-0.8B/Qwen3.5-0.8B-ours-general2-Q4_K_S.gguf,508104960,8a39b9fcaeeb8c8316daeef1c691e8aeaeab6c09ce7fcd8af14b9681b4882d84,0.2817,0.0421,ours-general: highest BRACOL dev forced_macro_f1 among ours-general files at the target (ties: lower letter_kld); ours-task: same template as the chosen ours-general file (LOG 2026-10-04 06:5x)
Qwen3.5-0.8B,ours-task,Q4_K_S (Unsloth Qwen3.5-0.8B-Q4_K_S.gguf same bytes),Qwen3.5-0.8B/Qwen3.5-0.8B-ours-task-Q4_K_S.gguf,508104960,b09469b285e6e2725ce86078ea4f956a4c82d83fbfcf95223abee9ae8105ca5e,0.3255,0.0304,ours-general: highest BRACOL dev forced_macro_f1 among ours-general files at the target (ties: lower letter_kld); ours-task: same template as the chosen ours-general file (LOG 2026-10-04 06:5x)
Qwen3.5-0.8B,ours-general,Q4_K_M (Unsloth Qwen3.5-0.8B-Q4_K_M.gguf same bytes),Qwen3.5-0.8B/Qwen3.5-0.8B-ours-general2-Q4_K_M.gguf,532517120,aa5214799040bbddd5472512feb4bc2d2120e923e55db918263b1a7fdea61037,0.3058,0.0297,ours-general: highest BRACOL dev forced_macro_f1 among ours-general files at the target (ties: lower letter_kld); ours-task: same template as the chosen ours-general file (LOG 2026-10-04 06:5x)
Qwen3.5-0.8B,ours-task,Q4_K_M (Unsloth Qwen3.5-0.8B-Q4_K_M.gguf same bytes),Qwen3.5-0.8B/Qwen3.5-0.8B-ours-task-Q4_K_M.gguf,532517120,3e193561e27be2b726d5e86ab59054ac7477208d56e9d737bd75ac744418e345,0.3004,0.0188,ours-general: highest BRACOL dev forced_macro_f1 among ours-general files at the target (ties: lower letter_kld); ours-task: same template as the chosen ours-general file (LOG 2026-10-04 06:5x)
Qwen3.5-0.8B,ours-general,Q5_K_M (Unsloth Qwen3.5-0.8B-Q5_K_M.gguf same bytes),Qwen3.5-0.8B/Qwen3.5-0.8B-ours-general2-Q5_K_M.gguf,590057728,d8174feed80acc595c1b23e69b5c823bfaf45d9c5ab4230bdd9508e96518cc04,0.3286,0.009,ours-general: highest BRACOL dev forced_macro_f1 among ours-general files at the target (ties: lower letter_kld); ours-task: same template as the chosen ours-general file (LOG 2026-10-04 06:5x)
Qwen3.5-0.8B,ours-task,Q5_K_M (Unsloth Qwen3.5-0.8B-Q5_K_M.gguf same bytes),Qwen3.5-0.8B/Qwen3.5-0.8B-ours-task-Q5_K_M.gguf,590057728,25937ae448a23040c8dea7ae4fec73c7f77c914e4907c55aa98da48cffd66b92,0.343,0.0055,ours-general: highest BRACOL dev forced_macro_f1 among ours-general files at the target (ties: lower letter_kld); ours-task: same template as the chosen ours-general file (LOG 2026-10-04 06:5x)
Qwen3.5-0.8B,ours-general,Q6_K (Unsloth Qwen3.5-0.8B-Q6_K.gguf same bytes),Qwen3.5-0.8B/Qwen3.5-0.8B-ours-general2-Q6_K.gguf,639029504,6175e54610133af1ca8c2e37d2d260faf57d92282d56230c5901c1255bd19cfd,0.3668,0.0027,ours-general: highest BRACOL dev forced_macro_f1 among ours-general files at the target (ties: lower letter_kld); ours-task: same template as the chosen ours-general file (LOG 2026-10-04 06:5x)
Qwen3.5-0.8B,ours-task,Q6_K (Unsloth Qwen3.5-0.8B-Q6_K.gguf same bytes),Qwen3.5-0.8B/Qwen3.5-0.8B-ours-task-Q6_K.gguf,639029504,cc3632b6cbfc88507cb1327f3305d4c40ee89ede4653bdb9bf4fea6716673f81,0.3616,0.0021,ours-general: highest BRACOL dev forced_macro_f1 among ours-general files at the target (ties: lower letter_kld); ours-task: same template as the chosen ours-general file (LOG 2026-10-04 06:5x)
Qwen3.5-0.8B,ours-general,338MB,Qwen3.5-0.8B/Qwen3.5-0.8B-ours-general3-338M-eQ4_K.gguf,337789184,047b3731bb4422b6e03bdf70be9c9ce3e585cd2653619027c3ed12a8b9614f08,0.1424,0.0895,"ours-general: highest BRACOL dev forced_macro_f1 among ours-general files at the target (ties: lower letter_kld); 39 candidates screened on the 4090 harness (dev numbers in these two columns are from the 4090, not the A100); ours-task: built on the template of the chosen ours-general file (its dev numbers are in-sample)"
Qwen3.5-0.8B,ours-task,338MB,Qwen3.5-0.8B/Qwen3.5-0.8B-ours-task-338M-eQ4_K.gguf,337789184,cd83b99cd65661cc93b268fb423b3ce63b8acdb3ab04190cf4860b458a77b9b8,0.2321,0.1108,"ours-general: highest BRACOL dev forced_macro_f1 among ours-general files at the target (ties: lower letter_kld); 39 candidates screened on the 4090 harness (dev numbers in these two columns are from the 4090, not the A100); ours-task: built on the template of the chosen ours-general file (its dev numbers are in-sample)"
Qwen3.5-0.8B,ours-general,~310MB,Qwen3.5-0.8B/Qwen3.5-0.8B-ours-general3-310M-eIQ3_XXSu.gguf,309698816,b5843aca6206508bc033478ffc8a14abe757bdf8f7404ee2dba822f27da1ba49,0.2116,0.2844,"ours-general: highest BRACOL dev forced_macro_f1 among ours-general files at the target (ties: lower letter_kld); 39 candidates screened on the 4090 harness (dev numbers in these two columns are from the 4090, not the A100); ours-task: built on the template of the chosen ours-general file (its dev numbers are in-sample)"
Qwen3.5-0.8B,ours-task,~310MB,Qwen3.5-0.8B/Qwen3.5-0.8B-ours-task-310M-eIQ3_XXSu.gguf,309698816,32c41f5aa8eb0b88d46afaf888b59054f09b2f0b589bfe9df5265fd4e6c700d0,0.0559,0.2666,"ours-general: highest BRACOL dev forced_macro_f1 among ours-general files at the target (ties: lower letter_kld); 39 candidates screened on the 4090 harness (dev numbers in these two columns are from the 4090, not the A100); ours-task: built on the template of the chosen ours-general file (its dev numbers are in-sample)"
Qwen3.5-0.8B,ours-general,~290MB,Qwen3.5-0.8B/Qwen3.5-0.8B-ours-general2-290M-eQ3_K.gguf,289534208,e2b848625268f0ab70c959339f4d9cb823e9f2b8e6f7aad2945fd4f217203e85,0.2831,0.4056,"ours-general: highest BRACOL dev forced_macro_f1 among ours-general files at the target (ties: lower letter_kld); 39 candidates screened on the 4090 harness (dev numbers in these two columns are from the 4090, not the A100); ours-task: built on the template of the chosen ours-general file (its dev numbers are in-sample)"
Qwen3.5-0.8B,ours-task,~290MB,Qwen3.5-0.8B/Qwen3.5-0.8B-ours-task-290M-eQ3_K.gguf,289534208,789f2e33bab7de50124e738ee12aa446313e9efe09cdd6e0ea4423e8e7bc7c81,0.0559,2.0668,"ours-general: highest BRACOL dev forced_macro_f1 among ours-general files at the target (ties: lower letter_kld); 39 candidates screened on the 4090 harness (dev numbers in these two columns are from the 4090, not the A100); ours-task: built on the template of the chosen ours-general file (its dev numbers are in-sample)"
