file,model,variant,target,bytes,bpw,sha256,calibration,recipe
Qwen3.5-2B/Qwen3.5-2B-BF16.gguf,Qwen3.5-2B,bf16,reference,3897387936,16.0046,624e245bb747fe072b1917116c583d84d9961ff9d159bd8ba56e1cadeb19156a,none,convert_hf_to_gguf.py --outtype bf16 @9a7570587 (includes the MTP layer; 335 tensors)
Qwen3.5-2B/mmproj-Qwen3.5-2B-Q8_0.gguf,Qwen3.5-2B,mmproj-canonical,mmproj,361518656,8.7262,3761d22e4ea8d5fc047289a6d9672cc22537dd7dd1a36ed6791a218a891e26ab,none,convert_hf_to_gguf.py --mmproj --outtype f16 then llama-quantize Q8_0 @9a7570587 (canonical; never switched)
Qwen3.5-0.8B/Qwen3.5-0.8B-BF16.gguf,Qwen3.5-0.8B,bf16,reference,1557662624,16.0104,3fdaa1085c1bda18d78335e247151875790c4397cee1a1594b9f7c0339f3e85e,none,convert_hf_to_gguf.py --outtype bf16 @9a7570587 (includes the MTP layer; 335 tensors)
Qwen3.5-0.8B/mmproj-Qwen3.5-0.8B-Q8_0.gguf,Qwen3.5-0.8B,mmproj-canonical,mmproj,113564384,9.0308,aae6e712f47e44d4f18d6c2f4eb0007ea61f19dd72fd4ef27dff2aaa1b1a81bb,none,convert_hf_to_gguf.py --mmproj --outtype f16 then llama-quantize Q8_0 @9a7570587 (canonical; never switched)
Qwen3.5-2B/Qwen3.5-2B-ours-general-1GBpkg.gguf,Qwen3.5-2B,ours-general,1GB-package (LM+Q8_0 mmproj 998676288 B < 1e9; also <=640MB),637157632,2.6621,fba7110a7354b483d0206250827d764b8f7482e22b7e87c0a669e31ccd528d1d,general: FineWeb-Edu + C4 text 256x2048 tokens (calib sha 996c3697),GPTQ-IQ (gptq_iq.py sha 856f10f5): Unsloth UD-IQ2_XXS types for all linear tensors re-quantized by GPTQ with llama.cpp IQ/K rounding; tied token_embd at Q3_K GPTQ'd as the output head; norms/ssm/conv copied from Unsloth UD-IQ2_XXS
Qwen3.5-2B/Qwen3.5-2B-ours-general-700M.gguf,Qwen3.5-2B,ours-general,700MB,688808192,2.8817,724e4170fb2322ad520c98515aa31282be8e62aa3a150488fe8f9a2cf05ed3b5,general: FineWeb-Edu + C4 text 256x2048 tokens (calib sha 996c3697),GPTQ-IQ (gptq_iq.py sha 856f10f5): Unsloth UD-IQ2_XXS types for all linear tensors re-quantized by GPTQ with llama.cpp IQ/K rounding; tied token_embd at IQ4_XS GPTQ'd as the output head; norms/ssm/conv copied from Unsloth UD-IQ2_XXS
Qwen3.5-2B/Qwen3.5-2B-ours-general-UD-IQ2_XXS.gguf,Qwen3.5-2B,ours-general,UD-IQ2_XXS (Unsloth Qwen3.5-2B-UD-IQ2_XXS.gguf same bytes),768270592,3.2195,47a4dca92e4a8a71acfa3fd967eaadc87e475534d9f8b47b0478dc67509f0bc6,general: FineWeb-Edu + C4 text 256x2048 tokens (calib sha 996c3697),GPTQ-IQ (gptq_iq.py sha 856f10f5): Unsloth UD-IQ2_XXS per-tensor types for all linear tensors re-quantized by GPTQ with llama.cpp IQ/K rounding; tied token_embd (Q5_K) / norms / ssm / conv copied from Unsloth UD-IQ2_XXS
Qwen3.5-2B/Qwen3.5-2B-ours-general-UD-IQ2_M.gguf,Qwen3.5-2B,ours-general,UD-IQ2_M (Unsloth Qwen3.5-2B-UD-IQ2_M.gguf same bytes),859857152,3.6088,0c3de1a084798768d94ff8ec491f9390a26e3897cb3be7784309cfe6705c6dcf,general: FineWeb-Edu + C4 text 256x2048 tokens (calib sha 996c3697),GPTQ-IQ (gptq_iq.py sha 856f10f5): Unsloth UD-IQ2_M per-tensor types for all linear tensors re-quantized by GPTQ with llama.cpp IQ/K rounding; tied token_embd (Q5_K) / norms / ssm / conv copied from Unsloth UD-IQ2_M
Qwen3.5-2B/Qwen3.5-2B-ours-general-UD-IQ3_XXS.gguf,Qwen3.5-2B,ours-general,UD-IQ3_XXS (Unsloth Qwen3.5-2B-UD-IQ3_XXS.gguf same bytes),931823872,3.9148,8ecb229bd0a40ffece83fafc92c69d4b0585aaf69b8d7d00aeaefb1b65f49cf5,general: FineWeb-Edu + C4 text 256x2048 tokens (calib sha 996c3697),GPTQ-IQ (gptq_iq.py sha 856f10f5): Unsloth UD-IQ3_XXS per-tensor types for all linear tensors re-quantized by GPTQ with llama.cpp IQ/K rounding; tied token_embd (Q5_K) / norms / ssm / conv copied from Unsloth UD-IQ3_XXS
Qwen3.5-2B/Qwen3.5-2B-ours-general-UD-Q2_K_XL.gguf,Qwen3.5-2B,ours-general,UD-Q2_K_XL (Unsloth Qwen3.5-2B-UD-Q2_K_XL.gguf same bytes),966533376,4.0623,9fb2f865e764b57de4ba5f134f554d0ba0501dae8e1a985714428bb0bb814a28,general: FineWeb-Edu + C4 text 256x2048 tokens (calib sha 996c3697),GPTQ-IQ (gptq_iq.py sha 856f10f5): Unsloth UD-Q2_K_XL per-tensor types for all linear tensors re-quantized by GPTQ with llama.cpp IQ/K rounding; tied token_embd / norms / ssm / conv copied from Unsloth UD-Q2_K_XL
Qwen3.5-2B/Qwen3.5-2B-ours-task-1GBpkg.gguf,Qwen3.5-2B,ours-task,1GB-package (LM+Q8_0 mmproj 998676288 B < 1e9; also <=640MB),637157632,2.6621,a869d59a941f23ea77912caf1c68a63e75e8221c0f90e1d870763e8a02630372,task: FineWeb-Edu + C4 text 128x2048 tokens + 419 BRACOL dev images (manifest split=dev only; 512px JPEG q90) with the frozen prompt (prompt_v1.txt = v0 text; thinking off),GPTQ-IQ (gptq_iq.py sha b6601b44) with image+prompt calibration: dev images run through the HF vision tower and merged into the LM inputs; Unsloth UD-IQ2_XXS types for all linear tensors; tied token_embd at Q3_K GPTQ'd as the output head; norms/ssm/conv copied from Unsloth UD-IQ2_XXS
Qwen3.5-2B/Qwen3.5-2B-ours-task-700M.gguf,Qwen3.5-2B,ours-task,700MB,688808192,2.8817,9b7729cf16a0313c1907bb8ff83676fb48dd4d692cc66234f9ffe2739665e680,task: FineWeb-Edu + C4 text 128x2048 tokens + 419 BRACOL dev images (manifest split=dev only; 512px JPEG q90) with the frozen prompt (prompt_v1.txt = v0 text; thinking off),GPTQ-IQ (gptq_iq.py sha b6601b44) with image+prompt calibration: dev images run through the HF vision tower and merged into the LM inputs; Unsloth UD-IQ2_XXS types for all linear tensors; tied token_embd at IQ4_XS GPTQ'd as the output head; norms/ssm/conv copied from Unsloth UD-IQ2_XXS
Qwen3.5-2B/Qwen3.5-2B-ours-task-UD-IQ2_M.gguf,Qwen3.5-2B,ours-task,UD-IQ2_M (Unsloth Qwen3.5-2B-UD-IQ2_M.gguf same bytes),859857152,3.6088,cb18021f4c9ff64ee8a35967b39de35aae0d13d2faf7ae027b12635b99628e16,task: FineWeb-Edu + C4 text 128x2048 tokens + 419 BRACOL dev images (manifest split=dev only; 512px JPEG q90) with the frozen prompt (prompt_v1.txt = v0 text; thinking off),GPTQ-IQ (gptq_iq.py sha b6601b44) with image+prompt calibration: dev images run through the HF vision tower and merged into the LM inputs; Unsloth UD-IQ2_M per-tensor types for all linear tensors; tied token_embd / norms / ssm / conv copied from Unsloth UD-IQ2_M
Qwen3.5-2B/Qwen3.5-2B-ours-task-UD-IQ3_XXS.gguf,Qwen3.5-2B,ours-task,UD-IQ3_XXS (Unsloth Qwen3.5-2B-UD-IQ3_XXS.gguf same bytes),931823872,3.9148,83e484d866ad14ffcaf5d27ceac543c82d4efb5a6b2699e5a1aeab9f2ca88d6b,task: FineWeb-Edu + C4 text 128x2048 tokens + 419 BRACOL dev images (manifest split=dev only; 512px JPEG q90) with the frozen prompt (prompt_v1.txt = v0 text; thinking off),GPTQ-IQ (gptq_iq.py sha b6601b44) with image+prompt calibration: dev images run through the HF vision tower and merged into the LM inputs; Unsloth UD-IQ3_XXS per-tensor types for all linear tensors; tied token_embd / norms / ssm / conv copied from Unsloth UD-IQ3_XXS
Qwen3.5-2B/Qwen3.5-2B-ours-task-UD-Q2_K_XL.gguf,Qwen3.5-2B,ours-task,UD-Q2_K_XL (Unsloth Qwen3.5-2B-UD-Q2_K_XL.gguf same bytes),966533376,4.0623,0782b9fd4a276db5948b8bed26348e40b2bce579e0b7a132f85bcb6693fc2df2,task: FineWeb-Edu + C4 text 128x2048 tokens + 419 BRACOL dev images (manifest split=dev only; 512px JPEG q90) with the frozen prompt (prompt_v1.txt = v0 text; thinking off),GPTQ-IQ (gptq_iq.py sha b6601b44) with image+prompt calibration: dev images run through the HF vision tower and merged into the LM inputs; Unsloth UD-Q2_K_XL per-tensor types for all linear tensors; tied token_embd / norms / ssm / conv copied from Unsloth UD-Q2_K_XL
Qwen3.5-2B/Qwen3.5-2B-ours-task-UD-IQ2_XXS.gguf,Qwen3.5-2B,ours-task,UD-IQ2_XXS (Unsloth Qwen3.5-2B-UD-IQ2_XXS.gguf same bytes),768270592,3.2195,94e4f479f5b679027b4fb8c2f4453d5117b6bcb004bfd88dfab79130d3d2b69f,task: FineWeb-Edu + C4 text 128x2048 tokens + 419 BRACOL dev images (manifest split=dev only; 512px JPEG q90) with the frozen prompt (prompt_v1.txt = v0 text; thinking off),GPTQ-IQ (gptq_iq.py sha b6601b44) with image+prompt calibration (images through the HF vision tower merged into the LM inputs); Unsloth UD-IQ2_XXS per-tensor types for all linear tensors; tied token_embd / norms / ssm / conv copied from Unsloth UD-IQ2_XXS
Qwen3.5-0.8B/Qwen3.5-0.8B-ours-task-1GBpkg-Q8_0.gguf,Qwen3.5-0.8B,ours-task,1GB-package (LM + Q8_0 mmproj < 1e9 B),811843840,8.5156,6ae4e986bb7d291dad541f61c62f05d4e55ab6067c611127db6c0922aecc1538,task: FineWeb-Edu + C4 text 128x2048 tokens + 419 BRACOL dev images (manifest split=dev only; 512px JPEG q90) with the frozen prompt (prompt_v1.txt = v0 text; thinking off),GPTQ-IQ (gptq_iq.py sha b6601b44) with image+prompt calibration (images through the HF vision tower merged into the LM inputs); Unsloth Q8_0 types; tied token_embd / norms / ssm / conv copied from Unsloth Q8_0
Qwen3.5-0.8B/Qwen3.5-0.8B-ours-task-UD-IQ2_XXS.gguf,Qwen3.5-0.8B,ours-task,UD-IQ2_XXS (Unsloth Qwen3.5-0.8B-UD-IQ2_XXS.gguf same bytes),338227456,3.4797,20e2667ca3d2966566e1002defe7d18f4885d265faafd6e3ae517f512abb4209,task: FineWeb-Edu + C4 text 128x2048 tokens + 419 BRACOL dev images (manifest split=dev only; 512px JPEG q90) with the frozen prompt (prompt_v1.txt = v0 text; thinking off),GPTQ-IQ (gptq_iq.py sha b6601b44) with image+prompt calibration (images through the HF vision tower merged into the LM inputs); Unsloth UD-IQ2_XXS per-tensor types for all linear tensors; tied token_embd / norms / ssm / conv copied from Unsloth UD-IQ2_XXS
Qwen3.5-0.8B/Qwen3.5-0.8B-ours-task-UD-IQ2_M.gguf,Qwen3.5-0.8B,ours-task,UD-IQ2_M (Unsloth Qwen3.5-0.8B-UD-IQ2_M.gguf same bytes),371933440,3.8381,ae26161d2265fdf7d29fc5a4820c88d237d104c9cadd6dae8e925f8882dba7b3,task: FineWeb-Edu + C4 text 128x2048 tokens + 419 BRACOL dev images (manifest split=dev only; 512px JPEG q90) with the frozen prompt (prompt_v1.txt = v0 text; thinking off),GPTQ-IQ (gptq_iq.py sha b6601b44) with image+prompt calibration (images through the HF vision tower merged into the LM inputs); Unsloth UD-IQ2_M per-tensor types for all linear tensors; tied token_embd / norms / ssm / conv copied from Unsloth UD-IQ2_M
Qwen3.5-2B/Qwen3.5-2B-ours-general2-UD-IQ2_M.gguf,Qwen3.5-2B,ours-general,UD-IQ2_M (Unsloth Qwen3.5-2B-UD-IQ2_M.gguf same bytes),859857152,3.6088,b57150fbbeb6d5e9456f4ea8bcc3883134c95485f3dac94becf4697973fee9c3,general: FineWeb-Edu + C4 text 128x2048 tokens + 400 generic COCO val2017 images (first 400 by file name; 512px JPEG q90) with a generic one-sentence captioning prompt (no BRACOL data),GPTQ-IQ (gptq_iq.py sha b6601b44) with image+prompt calibration (images through the HF vision tower merged into the LM inputs); Unsloth UD-IQ2_M per-tensor types for all linear tensors; tied token_embd / norms / ssm / conv copied from Unsloth UD-IQ2_M
Qwen3.5-2B/Qwen3.5-2B-ours-task-1GBpkg-v2.gguf,Qwen3.5-2B,ours-task,1GB-package (LM + Q8_0 mmproj < 1e9 B),637665536,2.6642,e3d52ec0a328cd09b3f008fad4fae5209bf3bf8cab35a2a3a0137de0b88fdfd7,task: FineWeb-Edu + C4 text 128x2048 tokens + 419 BRACOL dev images (manifest split=dev only; 512px JPEG q90) with the frozen prompt (prompt_v1.txt = v0 text; thinking off),GPTQ-IQ (gptq_iq.py sha b6601b44) with image+prompt calibration (images through the HF vision tower merged into the LM inputs); Unsloth UD-IQ2_M types for the linear tensors with 7 moved to UD-IQ2_XXS types to fit; tied token_embd at IQ2_XXS GPTQ'd as the output head; norms/ssm/conv copied from Unsloth UD-IQ2_M
Qwen3.5-2B/Qwen3.5-2B-ours-general2-1GBpkg-v2.gguf,Qwen3.5-2B,ours-general,1GB-package (LM + Q8_0 mmproj < 1e9 B),637665536,2.6642,58ebdfffe2a8f7c04d39b108d616208a41079b1796521f57cc242a3603a2134a,general: FineWeb-Edu + C4 text 128x2048 tokens + 400 generic COCO val2017 images (first 400 by file name; 512px JPEG q90) with a generic one-sentence captioning prompt (no BRACOL data),GPTQ-IQ (gptq_iq.py sha b6601b44) with image+prompt calibration (images through the HF vision tower merged into the LM inputs); Unsloth UD-IQ2_M types for the linear tensors with 7 moved to UD-IQ2_XXS types to fit; tied token_embd at IQ2_XXS GPTQ'd as the output head; norms/ssm/conv copied from Unsloth UD-IQ2_M
Qwen3.5-0.8B/Qwen3.5-0.8B-ours-task-UD-IQ3_XXS.gguf,Qwen3.5-0.8B,ours-task,UD-IQ3_XXS (Unsloth Qwen3.5-0.8B-UD-IQ3_XXS.gguf same bytes),398237952,4.1178,25f900db7ff479eb054e0f72504894395aca37c7b81913c8272484e1b8732d4d,task: FineWeb-Edu + C4 text 128x2048 tokens + 419 BRACOL dev images (manifest split=dev only; 512px JPEG q90) with the frozen prompt (prompt_v1.txt = v0 text; thinking off),GPTQ-IQ (gptq_iq.py sha b6601b44) with image+prompt calibration (images through the HF vision tower merged into the LM inputs); Unsloth UD-IQ3_XXS per-tensor types for all linear tensors; tied token_embd / norms / ssm / conv copied from Unsloth UD-IQ3_XXS
Qwen3.5-2B/Qwen3.5-2B-ours-task-1GBpkg-v3.gguf,Qwen3.5-2B,ours-task,1GB-package (LM + Q8_0 mmproj < 1e9 B),638179584,2.6664,c24fdee9945eb02a86e634976462710f82aeb10b9de02ff7770a1950edd53283,task: FineWeb-Edu + C4 text 128x2048 tokens + 419 BRACOL dev images (manifest split=dev only; 512px JPEG q90) with the frozen prompt (prompt_v1.txt = v0 text; thinking off),GPTQ-IQ (gptq_iq.py sha b6601b44) with image+prompt calibration; Unsloth UD-IQ2_M types with 20 linear tensors raised to UD-IQ3_XXS types; tied token_embd at IQ1_M GPTQ'd as the output head; norms/ssm/conv copied from Unsloth UD-IQ2_M
Qwen3.5-2B/Qwen3.5-2B-ours-general3-1GBpkg-v3.gguf,Qwen3.5-2B,ours-general,1GB-package (LM + Q8_0 mmproj < 1e9 B),638179584,2.6664,ae2b31f4d070e122e30b4502ea6505cb94551e229f4c9f5a58c419140a19d82d,general: FineWeb-Edu + C4 text 128x2048 tokens + 400 generic COCO val2017 images (first 400 by file name; 512px JPEG q90) with a generic scene-type multiple-choice prompt (A-F; no BRACOL data; no coffee content),GPTQ-IQ (gptq_iq.py sha b6601b44) with image+prompt calibration (images through the HF vision tower merged into the LM inputs); Unsloth UD-IQ2_M types with 20 linear tensors raised to UD-IQ3_XXS types; tied token_embd at IQ1_M GPTQ'd as the output head; norms/ssm/conv copied from Unsloth UD-IQ2_M
Qwen3.5-2B/Qwen3.5-2B-ours-task-700M-v3.gguf,Qwen3.5-2B,ours-task,700MB,699691264,2.9279,5654ce231f87eb2d6eb866ecf2a78a07e20e5ab926f879108e6e0c9135b084ba,task: FineWeb-Edu + C4 text 128x2048 tokens + 419 BRACOL dev images (manifest split=dev only; 512px JPEG q90) with the frozen prompt (prompt_v1.txt = v0 text; thinking off),GPTQ-IQ (gptq_iq.py sha b6601b44) with image+prompt calibration (images through the HF vision tower merged into the LM inputs); Unsloth UD-IQ2_M types with 73 linear tensors raised to UD-IQ3_XXS types; tied token_embd at IQ2_XXS GPTQ'd as the output head; norms/ssm/conv copied from Unsloth UD-IQ2_M
Qwen3.5-2B/Qwen3.5-2B-ours-general3-700M-v3.gguf,Qwen3.5-2B,ours-general,700MB,699691264,2.9279,6354a9d611e39ce98a39f3e0ead7757c6b40a75417342c04254ab32ce4067d33,general: FineWeb-Edu + C4 text 128x2048 tokens + 400 generic COCO val2017 images (first 400 by file name; 512px JPEG q90) with a generic scene-type multiple-choice prompt (A-F; no BRACOL data; no coffee content),GPTQ-IQ (gptq_iq.py sha b6601b44) with image+prompt calibration (images through the HF vision tower merged into the LM inputs); Unsloth UD-IQ2_M types with 73 linear tensors raised to UD-IQ3_XXS types; tied token_embd at IQ2_XXS GPTQ'd as the output head; norms/ssm/conv copied from Unsloth UD-IQ2_M
Qwen3.5-2B/Qwen3.5-2B-ours-task-768M-v2.gguf,Qwen3.5-2B,ours-task,UD-IQ2_XXS size (<= 768270592 B),767965440,3.2182,ceebba52129bc468320f2933953acd456a2d69da0833f68337518977af96cedb,task: FineWeb-Edu + C4 text 128x2048 tokens + 419 BRACOL dev images (manifest split=dev only; 512px JPEG q90) with the frozen prompt (prompt_v1.txt = v0 text; thinking off),GPTQ-IQ (gptq_iq.py sha b6601b44) with image+prompt calibration (images through the HF vision tower merged into the LM inputs); Unsloth UD-IQ2_M types with 48 linear tensors raised to UD-IQ3_XXS types; tied token_embd at Q3_K GPTQ'd as the output head; norms/ssm/conv copied from Unsloth UD-IQ2_M
Qwen3.5-2B/Qwen3.5-2B-ours-general2-768M-v2.gguf,Qwen3.5-2B,ours-general,UD-IQ2_XXS size (<= 768270592 B),767965440,3.2182,434e816d5dcf0e951a346503813ac26fd4304a29f4fbae2000a295363592667d,general: FineWeb-Edu + C4 text 128x2048 tokens + 400 generic COCO val2017 images (first 400 by file name; 512px JPEG q90) with a generic one-sentence captioning prompt (no BRACOL data),GPTQ-IQ (gptq_iq.py sha b6601b44) with image+prompt calibration (images through the HF vision tower merged into the LM inputs); Unsloth UD-IQ2_M types with 48 linear tensors raised to UD-IQ3_XXS types; tied token_embd at Q3_K GPTQ'd as the output head; norms/ssm/conv copied from Unsloth UD-IQ2_M
Qwen3.5-2B/Qwen3.5-2B-ours-general3-UD-IQ2_M.gguf,Qwen3.5-2B,ours-general,UD-IQ2_M (Unsloth Qwen3.5-2B-UD-IQ2_M.gguf same bytes),859857152,3.6088,7c764320756c2fea239aeaa895391400ac58cb09f869bdf59f7a6cd209534835,general: FineWeb-Edu + C4 text 128x2048 tokens + 400 generic COCO val2017 images (first 400 by file name; 512px JPEG q90) with a generic scene-type multiple-choice prompt (A-F; no BRACOL data; no coffee content),GPTQ-IQ (gptq_iq.py sha b6601b44) with image+prompt calibration (images through the HF vision tower merged into the LM inputs); Unsloth UD-IQ2_M per-tensor types for all linear tensors; tied token_embd / norms / ssm / conv copied from Unsloth UD-IQ2_M
Qwen3.5-2B/Qwen3.5-2B-ours-general2-UD-IQ3_XXS.gguf,Qwen3.5-2B,ours-general,UD-IQ3_XXS (Unsloth Qwen3.5-2B-UD-IQ3_XXS.gguf same bytes),931823872,3.9148,2bc8206a1d991c1bacf6e4872d516e211f38087a8c8829db3ffd1208514329ac,general: FineWeb-Edu + C4 text 128x2048 tokens + 400 generic COCO val2017 images (first 400 by file name; 512px JPEG q90) with a generic one-sentence captioning prompt (no BRACOL data),GPTQ-IQ (gptq_iq.py sha b6601b44) with image+prompt calibration (images through the HF vision tower merged into the LM inputs); Unsloth UD-IQ3_XXS per-tensor types for all linear tensors; tied token_embd / norms / ssm / conv copied from Unsloth UD-IQ3_XXS
Qwen3.5-2B/Qwen3.5-2B-ours-task-967M-v2b.gguf,Qwen3.5-2B,ours-task,UD-Q2_K_XL size (<= 966533376 B),966172928,4.0608,690cf52165a1fbd901a749d3c2400be710a3984e030742f2ef6b16cc1a9250ec,task: FineWeb-Edu + C4 text 128x2048 tokens + 419 BRACOL dev images (manifest split=dev only; 512px JPEG q90) with the frozen prompt (prompt_v1.txt = v0 text; thinking off),GPTQ-IQ (gptq_iq.py sha b6601b44) with image+prompt calibration (images through the HF vision tower merged into the LM inputs); Unsloth UD-IQ2_M types with 131 linear tensors raised to UD-IQ3_XXS types then 106 of them to Unsloth IQ4_XS types; tied token_embd at Q3_K GPTQ'd as the output head; norms/ssm/conv copied from Unsloth UD-IQ2_M
Qwen3.5-2B/Qwen3.5-2B-ours-general3-967M-v2b.gguf,Qwen3.5-2B,ours-general,UD-Q2_K_XL size (<= 966533376 B),966172928,4.0608,078d600a073e6a0a2c66c3906052201c212e0f6aeaa6b99836c47530b685d591,general: FineWeb-Edu + C4 text 128x2048 tokens + 400 generic COCO val2017 images (first 400 by file name; 512px JPEG q90) with a generic scene-type multiple-choice prompt (A-F; no BRACOL data; no coffee content),GPTQ-IQ (gptq_iq.py sha b6601b44) with image+prompt calibration (images through the HF vision tower merged into the LM inputs); Unsloth UD-IQ2_M types with 131 linear tensors raised to UD-IQ3_XXS types then 106 of them to Unsloth IQ4_XS types; tied token_embd at Q3_K GPTQ'd as the output head; norms/ssm/conv copied from Unsloth UD-IQ2_M
Qwen3.5-0.8B/Qwen3.5-0.8B-ours-general-1GBpkg-Q8_0.gguf,Qwen3.5-0.8B,ours-general,1GB-package (LM + Q8_0 mmproj < 1e9 B),811843840,8.5156,82fb504f98c577190dfc0d7df131a0bd762c269b4e4a2c549b941ac5446c06f6,general (text only): FineWeb-Edu + C4 text 256x2048 tokens (calib sha 996c3697),GPTQ-IQ (gptq_iq.py sha 856f10f5) text-only calibration; Unsloth Q8_0 types; tied token_embd / norms / ssm / conv copied from Unsloth Q8_0
Qwen3.5-0.8B/Qwen3.5-0.8B-ours-general-290M.gguf,Qwen3.5-0.8B,ours-general,~290MB,289763584,2.9644,96c077caf18fd1066a16f9929ef16feea26277ae38d2be2d51241cee83cdb539,general (text only): FineWeb-Edu + C4 text 256x2048 tokens (calib sha 996c3697),GPTQ-IQ (gptq_iq.py sha 856f10f5) text-only calibration; Unsloth UD-IQ2_XXS types with 67 linear tensors raised to UD-IQ2_M types; tied token_embd at Q3_K GPTQ'd as the output head; norms/ssm/conv copied from Unsloth UD-IQ2_XXS
Qwen3.5-0.8B/Qwen3.5-0.8B-ours-general2-Q3_K_M.gguf,Qwen3.5-0.8B,ours-general,Q3_K_M (Unsloth Qwen3.5-0.8B-Q3_K_M.gguf same bytes),470167808,4.8826,b0c19c18977ffbdff74a548f4ddbf516906f16797d01e9c85826b1126d0d98a0,general: FineWeb-Edu + C4 text 128x2048 tokens + 400 generic COCO val2017 images (first 400 by file name; 512px JPEG q90) with a generic one-sentence captioning prompt (no BRACOL data),GPTQ-IQ (gptq_iq.py sha b6601b44) with image+prompt calibration; Unsloth Q3_K_M per-tensor types for all linear tensors; tied token_embd / norms / ssm / conv copied from Unsloth Q3_K_M
Qwen3.5-0.8B/Qwen3.5-0.8B-ours-general2-Q3_K_S.gguf,Qwen3.5-0.8B,ours-general,Q3_K_S (Unsloth Qwen3.5-0.8B-Q3_K_S.gguf same bytes),440750336,4.5698,16a16f6d94ce8f9d87465c224e8e5c08d49189d2a960f6339222ad54ffc9d21b,general: FineWeb-Edu + C4 text 128x2048 tokens + 400 generic COCO val2017 images (first 400 by file name; 512px JPEG q90) with a generic one-sentence captioning prompt (no BRACOL data),GPTQ-IQ (gptq_iq.py sha b6601b44) with image+prompt calibration; Unsloth Q3_K_S per-tensor types for all linear tensors; tied token_embd / norms / ssm / conv copied from Unsloth Q3_K_S
Qwen3.5-0.8B/Qwen3.5-0.8B-ours-general2-Q4_K_M.gguf,Qwen3.5-0.8B,ours-general,Q4_K_M (Unsloth Qwen3.5-0.8B-Q4_K_M.gguf same bytes),532517120,5.5456,aa5214799040bbddd5472512feb4bc2d2120e923e55db918263b1a7fdea61037,general: FineWeb-Edu + C4 text 128x2048 tokens + 400 generic COCO val2017 images (first 400 by file name; 512px JPEG q90) with a generic one-sentence captioning prompt (no BRACOL data),GPTQ-IQ (gptq_iq.py sha b6601b44) with image+prompt calibration; Unsloth Q4_K_M per-tensor types for all linear tensors; tied token_embd / norms / ssm / conv copied from Unsloth Q4_K_M
Qwen3.5-0.8B/Qwen3.5-0.8B-ours-general2-Q4_K_S.gguf,Qwen3.5-0.8B,ours-general,Q4_K_S (Unsloth Qwen3.5-0.8B-Q4_K_S.gguf same bytes),508104960,5.2860,8a39b9fcaeeb8c8316daeef1c691e8aeaeab6c09ce7fcd8af14b9681b4882d84,general: FineWeb-Edu + C4 text 128x2048 tokens + 400 generic COCO val2017 images (first 400 by file name; 512px JPEG q90) with a generic one-sentence captioning prompt (no BRACOL data),GPTQ-IQ (gptq_iq.py sha b6601b44) with image+prompt calibration; Unsloth Q4_K_S per-tensor types for all linear tensors; tied token_embd / norms / ssm / conv copied from Unsloth Q4_K_S
Qwen3.5-0.8B/Qwen3.5-0.8B-ours-general2-Q5_K_M.gguf,Qwen3.5-0.8B,ours-general,Q5_K_M (Unsloth Qwen3.5-0.8B-Q5_K_M.gguf same bytes),590057728,6.1574,d8174feed80acc595c1b23e69b5c823bfaf45d9c5ab4230bdd9508e96518cc04,general: FineWeb-Edu + C4 text 128x2048 tokens + 400 generic COCO val2017 images (first 400 by file name; 512px JPEG q90) with a generic one-sentence captioning prompt (no BRACOL data),GPTQ-IQ (gptq_iq.py sha b6601b44) with image+prompt calibration; Unsloth Q5_K_M per-tensor types for all linear tensors; tied token_embd / norms / ssm / conv copied from Unsloth Q5_K_M
Qwen3.5-0.8B/Qwen3.5-0.8B-ours-general2-Q6_K.gguf,Qwen3.5-0.8B,ours-general,Q6_K (Unsloth Qwen3.5-0.8B-Q6_K.gguf same bytes),639029504,6.6781,6175e54610133af1ca8c2e37d2d260faf57d92282d56230c5901c1255bd19cfd,general: FineWeb-Edu + C4 text 128x2048 tokens + 400 generic COCO val2017 images (first 400 by file name; 512px JPEG q90) with a generic one-sentence captioning prompt (no BRACOL data),GPTQ-IQ (gptq_iq.py sha b6601b44) with image+prompt calibration; Unsloth Q6_K per-tensor types for all linear tensors; tied token_embd / norms / ssm / conv copied from Unsloth Q6_K
Qwen3.5-0.8B/Qwen3.5-0.8B-ours-general2-UD-IQ2_M.gguf,Qwen3.5-0.8B,ours-general,UD-IQ2_M (Unsloth Qwen3.5-0.8B-UD-IQ2_M.gguf same bytes),371933440,3.8381,5860b85d5cff9687a47f6d41e793cd4dd0ba4df82525e1d308ad3c49572d40d8,general: FineWeb-Edu + C4 text 128x2048 tokens + 400 generic COCO val2017 images (first 400 by file name; 512px JPEG q90) with a generic one-sentence captioning prompt (no BRACOL data),GPTQ-IQ (gptq_iq.py sha b6601b44) with image+prompt calibration; Unsloth UD-IQ2_M per-tensor types for all linear tensors; tied token_embd / norms / ssm / conv copied from Unsloth UD-IQ2_M
Qwen3.5-0.8B/Qwen3.5-0.8B-ours-general2-UD-IQ3_XXS.gguf,Qwen3.5-0.8B,ours-general,UD-IQ3_XXS (Unsloth Qwen3.5-0.8B-UD-IQ3_XXS.gguf same bytes),398237952,4.1178,ae44db9ed4dd4b79143d8dbd64727c38fabd27968dbe567f87fd877ea025892b,general: FineWeb-Edu + C4 text 128x2048 tokens + 400 generic COCO val2017 images (first 400 by file name; 512px JPEG q90) with a generic one-sentence captioning prompt (no BRACOL data),GPTQ-IQ (gptq_iq.py sha b6601b44) with image+prompt calibration; Unsloth UD-IQ3_XXS per-tensor types for all linear tensors; tied token_embd / norms / ssm / conv copied from Unsloth UD-IQ3_XXS
Qwen3.5-0.8B/Qwen3.5-0.8B-ours-general2-UD-Q2_K_XL.gguf,Qwen3.5-0.8B,ours-general,UD-Q2_K_XL (Unsloth Qwen3.5-0.8B-UD-Q2_K_XL.gguf same bytes),417718528,4.3249,05839bd9997385aaa7a919c96fb0d538bdd700248f072b77310e99a58b2cddd9,general: FineWeb-Edu + C4 text 128x2048 tokens + 400 generic COCO val2017 images (first 400 by file name; 512px JPEG q90) with a generic one-sentence captioning prompt (no BRACOL data),GPTQ-IQ (gptq_iq.py sha b6601b44) with image+prompt calibration; Unsloth UD-Q2_K_XL per-tensor types for all linear tensors; tied token_embd / norms / ssm / conv copied from Unsloth UD-Q2_K_XL
Qwen3.5-0.8B/Qwen3.5-0.8B-ours-general-310M.gguf,Qwen3.5-0.8B,ours-general,~310MB,306442496,3.1418,75f056e8bac1cafc449d71245d3ead565414f474e00e439b0c730ccc8f8dbe56,general (text only): FineWeb-Edu + C4 text 256x2048 tokens (calib sha 996c3697),GPTQ-IQ (gptq_iq.py sha 856f10f5) text-only calibration; Unsloth UD-IQ2_XXS types; tied token_embd at Q4_K GPTQ'd as the output head; norms/ssm/conv copied from Unsloth UD-IQ2_XXS
Qwen3.5-0.8B/Qwen3.5-0.8B-ours-general-UD-IQ2_XXS.gguf,Qwen3.5-0.8B,ours-general,UD-IQ2_XXS (Unsloth Qwen3.5-0.8B-UD-IQ2_XXS.gguf same bytes),338227456,3.4797,0ffcbb9d4a0b50d1522e49ca6ddec2256cc94c93d01bbd7a51534c47da719c90,general (text only): FineWeb-Edu + C4 text 256x2048 tokens (calib sha 996c3697),GPTQ-IQ (gptq_iq.py sha 856f10f5) text-only calibration; Unsloth UD-IQ2_XXS per-tensor types for all linear tensors; tied token_embd / norms / ssm / conv copied from Unsloth UD-IQ2_XXS
Qwen3.5-0.8B/Qwen3.5-0.8B-ours-task-290M.gguf,Qwen3.5-0.8B,ours-task,~290MB,289763584,2.9644,8f4ebe9ae27208bf15c50f83853da48e87008619fc556ef4bdfa19b2447e03f1,task: FineWeb-Edu + C4 text 128x2048 tokens + 419 BRACOL dev images (manifest split=dev only; 512px JPEG q90) with the frozen prompt (prompt_v1.txt = v0 text; thinking off),GPTQ-IQ (gptq_iq.py sha b6601b44) with image+prompt calibration; Unsloth UD-IQ2_XXS types with 67 linear tensors raised to UD-IQ2_M types; tied token_embd at Q3_K GPTQ'd as the output head; norms/ssm/conv copied from Unsloth UD-IQ2_XXS
Qwen3.5-0.8B/Qwen3.5-0.8B-ours-task-310M.gguf,Qwen3.5-0.8B,ours-task,~310MB,306442496,3.1418,1265dec7c0bf1a0c05dca19ce6343ffa1f3dbd39af003ef260d0cf53aaabd2dc,task: FineWeb-Edu + C4 text 128x2048 tokens + 419 BRACOL dev images (manifest split=dev only; 512px JPEG q90) with the frozen prompt (prompt_v1.txt = v0 text; thinking off),GPTQ-IQ (gptq_iq.py sha b6601b44) with image+prompt calibration; Unsloth UD-IQ2_XXS types; tied token_embd at Q4_K GPTQ'd as the output head; norms/ssm/conv copied from Unsloth UD-IQ2_XXS
Qwen3.5-0.8B/Qwen3.5-0.8B-ours-task-Q3_K_M.gguf,Qwen3.5-0.8B,ours-task,Q3_K_M (Unsloth Qwen3.5-0.8B-Q3_K_M.gguf same bytes),470167808,4.8826,3fd1106328802616c01d60ce6b19fdc18b710865a48f06c95e72a58d9828f88e,task: FineWeb-Edu + C4 text 128x2048 tokens + 419 BRACOL dev images (manifest split=dev only; 512px JPEG q90) with the frozen prompt (prompt_v1.txt = v0 text; thinking off),GPTQ-IQ (gptq_iq.py sha b6601b44) with image+prompt calibration; Unsloth Q3_K_M per-tensor types for all linear tensors; tied token_embd / norms / ssm / conv copied from Unsloth Q3_K_M
Qwen3.5-0.8B/Qwen3.5-0.8B-ours-task-Q3_K_S.gguf,Qwen3.5-0.8B,ours-task,Q3_K_S (Unsloth Qwen3.5-0.8B-Q3_K_S.gguf same bytes),440750336,4.5698,7f0bb402d303297140fc843614c048e826b765352b980869b9a19a0d4e1ab6bb,task: FineWeb-Edu + C4 text 128x2048 tokens + 419 BRACOL dev images (manifest split=dev only; 512px JPEG q90) with the frozen prompt (prompt_v1.txt = v0 text; thinking off),GPTQ-IQ (gptq_iq.py sha b6601b44) with image+prompt calibration; Unsloth Q3_K_S per-tensor types for all linear tensors; tied token_embd / norms / ssm / conv copied from Unsloth Q3_K_S
Qwen3.5-0.8B/Qwen3.5-0.8B-ours-task-Q4_K_M.gguf,Qwen3.5-0.8B,ours-task,Q4_K_M (Unsloth Qwen3.5-0.8B-Q4_K_M.gguf same bytes),532517120,5.5456,3e193561e27be2b726d5e86ab59054ac7477208d56e9d737bd75ac744418e345,task: FineWeb-Edu + C4 text 128x2048 tokens + 419 BRACOL dev images (manifest split=dev only; 512px JPEG q90) with the frozen prompt (prompt_v1.txt = v0 text; thinking off),GPTQ-IQ (gptq_iq.py sha b6601b44) with image+prompt calibration; Unsloth Q4_K_M per-tensor types for all linear tensors; tied token_embd / norms / ssm / conv copied from Unsloth Q4_K_M
Qwen3.5-0.8B/Qwen3.5-0.8B-ours-task-Q4_K_S.gguf,Qwen3.5-0.8B,ours-task,Q4_K_S (Unsloth Qwen3.5-0.8B-Q4_K_S.gguf same bytes),508104960,5.2860,b09469b285e6e2725ce86078ea4f956a4c82d83fbfcf95223abee9ae8105ca5e,task: FineWeb-Edu + C4 text 128x2048 tokens + 419 BRACOL dev images (manifest split=dev only; 512px JPEG q90) with the frozen prompt (prompt_v1.txt = v0 text; thinking off),GPTQ-IQ (gptq_iq.py sha b6601b44) with image+prompt calibration; Unsloth Q4_K_S per-tensor types for all linear tensors; tied token_embd / norms / ssm / conv copied from Unsloth Q4_K_S
Qwen3.5-0.8B/Qwen3.5-0.8B-ours-task-Q5_K_M.gguf,Qwen3.5-0.8B,ours-task,Q5_K_M (Unsloth Qwen3.5-0.8B-Q5_K_M.gguf same bytes),590057728,6.1574,25937ae448a23040c8dea7ae4fec73c7f77c914e4907c55aa98da48cffd66b92,task: FineWeb-Edu + C4 text 128x2048 tokens + 419 BRACOL dev images (manifest split=dev only; 512px JPEG q90) with the frozen prompt (prompt_v1.txt = v0 text; thinking off),GPTQ-IQ (gptq_iq.py sha b6601b44) with image+prompt calibration; Unsloth Q5_K_M per-tensor types for all linear tensors; tied token_embd / norms / ssm / conv copied from Unsloth Q5_K_M
Qwen3.5-0.8B/Qwen3.5-0.8B-ours-task-Q6_K.gguf,Qwen3.5-0.8B,ours-task,Q6_K (Unsloth Qwen3.5-0.8B-Q6_K.gguf same bytes),639029504,6.6781,cc3632b6cbfc88507cb1327f3305d4c40ee89ede4653bdb9bf4fea6716673f81,task: FineWeb-Edu + C4 text 128x2048 tokens + 419 BRACOL dev images (manifest split=dev only; 512px JPEG q90) with the frozen prompt (prompt_v1.txt = v0 text; thinking off),GPTQ-IQ (gptq_iq.py sha b6601b44) with image+prompt calibration; Unsloth Q6_K per-tensor types for all linear tensors; tied token_embd / norms / ssm / conv copied from Unsloth Q6_K
Qwen3.5-0.8B/Qwen3.5-0.8B-ours-task-UD-Q2_K_XL.gguf,Qwen3.5-0.8B,ours-task,UD-Q2_K_XL (Unsloth Qwen3.5-0.8B-UD-Q2_K_XL.gguf same bytes),417718528,4.3249,ef7993d2b7566eac7a75c647eaa6b93cf41677c976b1422ec61bffa4b2c015d1,task: FineWeb-Edu + C4 text 128x2048 tokens + 419 BRACOL dev images (manifest split=dev only; 512px JPEG q90) with the frozen prompt (prompt_v1.txt = v0 text; thinking off),GPTQ-IQ (gptq_iq.py sha b6601b44) with image+prompt calibration; Unsloth UD-Q2_K_XL per-tensor types for all linear tensors; tied token_embd / norms / ssm / conv copied from Unsloth UD-Q2_K_XL
Qwen3.5-2B/Qwen3.5-2B-ours-general3-1GBpkg-eQ2_K.gguf,Qwen3.5-2B,ours-general,1GB-package (LM + Q8_0 mmproj < 1e9 B),637772032,2.6647,15f290631b8c35cc2350c05283b0d80f527ac179534947264a74055a4e6a6776,general: FineWeb-Edu + C4 text 128x2048 tokens + 400 generic COCO val2017 images (first 400 by file name; 512px JPEG q90) with a generic scene-type multiple-choice prompt (A-F; no BRACOL data; no coffee content),GPTQ-IQ (gptq_iq.py sha b6601b44) with image+prompt calibration (images through the HF vision tower merged into the LM inputs); Unsloth UD-IQ2_M types with 54 linear tensors moved down to UD-IQ2_XXS types; tied token_embd at Q2_K GPTQ'd as the output head; norms/ssm/conv copied from Unsloth UD-IQ2_M
Qwen3.5-2B/Qwen3.5-2B-ours-task-1GBpkg-eQ2_K.gguf,Qwen3.5-2B,ours-task,1GB-package (LM + Q8_0 mmproj < 1e9 B),637772032,2.6647,cb88d42f51a6c0e8b4d1d3ff04fb9718c130911e312abe9a286213badce49dec,task: FineWeb-Edu + C4 text 128x2048 tokens + 419 BRACOL dev images (manifest split=dev only; 512px JPEG q90) with the frozen prompt (prompt_v1.txt = v0 text; thinking off),GPTQ-IQ (gptq_iq.py sha b6601b44) with image+prompt calibration (images through the HF vision tower merged into the LM inputs); Unsloth UD-IQ2_M types with 54 linear tensors moved down to UD-IQ2_XXS types; tied token_embd at Q2_K GPTQ'd as the output head; norms/ssm/conv copied from Unsloth UD-IQ2_M
Qwen3.5-2B/Qwen3.5-2B-ours-general3-700M-eIQ3_XXS.gguf,Qwen3.5-2B,ours-general,700MB,699662592,2.9278,119e41d3994e7690c2d9fe37cdf1ac4a92c6f335e511777efe949ab01c9bb104,general: FineWeb-Edu + C4 text 128x2048 tokens + 400 generic COCO val2017 images (first 400 by file name; 512px JPEG q90) with a generic scene-type multiple-choice prompt (A-F; no BRACOL data; no coffee content),GPTQ-IQ (gptq_iq.py sha b6601b44) with image+prompt calibration (images through the HF vision tower merged into the LM inputs); Unsloth UD-IQ2_M types with 10 linear tensors raised to UD-IQ3_XXS types; tied token_embd at IQ3_XXS GPTQ'd as the output head; norms/ssm/conv copied from Unsloth UD-IQ2_M
Qwen3.5-2B/Qwen3.5-2B-ours-task-700M-eIQ3_XXS.gguf,Qwen3.5-2B,ours-task,700MB,699662592,2.9278,f11738b56084388ddeda8598ff50ba4df59305effa0ca22c2ee25136eb848b1c,task: FineWeb-Edu + C4 text 128x2048 tokens + 419 BRACOL dev images (manifest split=dev only; 512px JPEG q90) with the frozen prompt (prompt_v1.txt = v0 text; thinking off),GPTQ-IQ (gptq_iq.py sha b6601b44) with image+prompt calibration (images through the HF vision tower merged into the LM inputs); Unsloth UD-IQ2_M types with 10 linear tensors raised to UD-IQ3_XXS types; tied token_embd at IQ3_XXS GPTQ'd as the output head; norms/ssm/conv copied from Unsloth UD-IQ2_M
Qwen3.5-0.8B/Qwen3.5-0.8B-ours-general3-338M-eQ4_K.gguf,Qwen3.5-0.8B,ours-general,338MB,337789184,3.4751,047b3731bb4422b6e03bdf70be9c9ce3e585cd2653619027c3ed12a8b9614f08,general: FineWeb-Edu + C4 text 128x2048 tokens + 400 generic COCO val2017 images (first 400 by file name; 512px JPEG q90) with a generic scene multiple-choice prompt (no BRACOL data),"GPTQ-IQ (gptq_iq.py sha b6601b44, --tied-embd-gptq, seqlen 2048, nseq 128, mb 8; built on the 4090 server) with image+prompt calibration; template = plan_alloc(BASE Unsloth UD-IQ2_M, tied token_embd Q4_K, cap 338,227,456 B, UP Unsloth UD-IQ3_XXS, DOWN Unsloth UD-IQ2_XXS; 9 body tensors retyped); norms / ssm / conv copied from Unsloth UD-IQ2_M"
Qwen3.5-0.8B/Qwen3.5-0.8B-ours-task-338M-eQ4_K.gguf,Qwen3.5-0.8B,ours-task,338MB,337789184,3.4751,cd83b99cd65661cc93b268fb423b3ce63b8acdb3ab04190cf4860b458a77b9b8,task: FineWeb-Edu + C4 text 128x2048 tokens + 419 BRACOL dev images (manifest split=dev only; 512px JPEG q90) with the frozen prompt (prompt_v1.txt = v0 text; thinking off),"GPTQ-IQ (gptq_iq.py sha b6601b44, --tied-embd-gptq, seqlen 2048, nseq 128, mb 8; built on the 4090 server) with image+prompt calibration; template = plan_alloc(BASE Unsloth UD-IQ2_M, tied token_embd Q4_K, cap 338,227,456 B, UP Unsloth UD-IQ3_XXS, DOWN Unsloth UD-IQ2_XXS; 9 body tensors retyped); norms / ssm / conv copied from Unsloth UD-IQ2_M"
Qwen3.5-0.8B/Qwen3.5-0.8B-ours-general3-310M-eIQ3_XXSu.gguf,Qwen3.5-0.8B,ours-general,~310MB,309698816,3.1764,b5843aca6206508bc033478ffc8a14abe757bdf8f7404ee2dba822f27da1ba49,general: FineWeb-Edu + C4 text 128x2048 tokens + 400 generic COCO val2017 images (first 400 by file name; 512px JPEG q90) with a generic scene multiple-choice prompt (no BRACOL data),"GPTQ-IQ (gptq_iq.py sha b6601b44, --tied-embd-gptq, seqlen 2048, nseq 128, mb 8; built on the 4090 server) with image+prompt calibration; template = plan_alloc(BASE Unsloth UD-IQ2_M, tied token_embd IQ3_XXS, cap 310,000,000 B, UP Unsloth UD-Q3_K_XL, DOWN Unsloth UD-IQ2_XXS; 47 body tensors retyped); norms / ssm / conv copied from Unsloth UD-IQ2_M"
Qwen3.5-0.8B/Qwen3.5-0.8B-ours-task-310M-eIQ3_XXSu.gguf,Qwen3.5-0.8B,ours-task,~310MB,309698816,3.1764,32c41f5aa8eb0b88d46afaf888b59054f09b2f0b589bfe9df5265fd4e6c700d0,task: FineWeb-Edu + C4 text 128x2048 tokens + 419 BRACOL dev images (manifest split=dev only; 512px JPEG q90) with the frozen prompt (prompt_v1.txt = v0 text; thinking off),"GPTQ-IQ (gptq_iq.py sha b6601b44, --tied-embd-gptq, seqlen 2048, nseq 128, mb 8; built on the 4090 server) with image+prompt calibration; template = plan_alloc(BASE Unsloth UD-IQ2_M, tied token_embd IQ3_XXS, cap 310,000,000 B, UP Unsloth UD-Q3_K_XL, DOWN Unsloth UD-IQ2_XXS; 47 body tensors retyped); norms / ssm / conv copied from Unsloth UD-IQ2_M"
Qwen3.5-0.8B/Qwen3.5-0.8B-ours-general2-290M-eQ3_K.gguf,Qwen3.5-0.8B,ours-general,~290MB,289534208,2.9620,e2b848625268f0ab70c959339f4d9cb823e9f2b8e6f7aad2945fd4f217203e85,general: FineWeb-Edu + C4 text 128x2048 tokens + 400 generic COCO val2017 images (first 400 by file name; 512px JPEG q90) with a generic one-sentence captioning prompt (no BRACOL data),"GPTQ-IQ (gptq_iq.py sha b6601b44, --tied-embd-gptq, seqlen 2048, nseq 128, mb 8; built on the 4090 server) with image+prompt calibration; template = plan_alloc(BASE Unsloth UD-IQ2_M, tied token_embd Q3_K, cap 290,000,000 B, UP Unsloth UD-IQ3_XXS, DOWN Unsloth UD-IQ2_XXS; 56 body tensors retyped); norms / ssm / conv copied from Unsloth UD-IQ2_M"
Qwen3.5-0.8B/Qwen3.5-0.8B-ours-task-290M-eQ3_K.gguf,Qwen3.5-0.8B,ours-task,~290MB,289534208,2.9620,789f2e33bab7de50124e738ee12aa446313e9efe09cdd6e0ea4423e8e7bc7c81,task: FineWeb-Edu + C4 text 128x2048 tokens + 419 BRACOL dev images (manifest split=dev only; 512px JPEG q90) with the frozen prompt (prompt_v1.txt = v0 text; thinking off),"GPTQ-IQ (gptq_iq.py sha b6601b44, --tied-embd-gptq, seqlen 2048, nseq 128, mb 8; built on the 4090 server) with image+prompt calibration; template = plan_alloc(BASE Unsloth UD-IQ2_M, tied token_embd Q3_K, cap 290,000,000 B, UP Unsloth UD-IQ3_XXS, DOWN Unsloth UD-IQ2_XXS; 56 body tensors retyped); norms / ssm / conv copied from Unsloth UD-IQ2_M"
finetuned/Qwen3.5-2B-ours-coffee-lora-Q8_0.gguf,Qwen3.5-2B,ours-finetuned,"coffee package (base task-1GBpkg-eQ2_K + this adapter + finetuned mmproj = 1,011,900,480 B)",12609792,,51b2802b978586c486bf32f6e41118d21fd2faf9107bb9d2d422df8136ff8d5d,BRACOL dev (337 train / 82 validation) + 559 JMuBEN train originals (grouped 70/30 split; no BRACOL test or JMuBEN test image),LoRA r8 on LM linears + vision blocks/merger; trained on the dequantised GGUF weights; 3 epochs; flips/rot90 aug; llama-server --lora
finetuned/mmproj-Qwen3.5-2B-ours-coffee-Q8_0.gguf,Qwen3.5-2B,ours-finetuned,coffee package mmproj (replaces the canonical Q8_0 mmproj),361518656,,cfbee7c35059463aa0d617fd1b99c461e433f5b6ca83f4e96ace9555fb70c771,same as the adapter,canonical mmproj-Qwen3.5-2B-Q8_0 + merged vision LoRA (98 tensors) re-quantised to Q8_0
finetuned/translate-en-ptBR-opus-mt-ct2-int8/,opus-mt-en-ROMANCE,translator,offline EN->pt-BR for the explanation sentence,82293566,,,public model Helsinki-NLP/opus-mt-en-ROMANCE (Apache 2.0),CTranslate2 int8 + SentencePiece; disease names replaced by 'the diagnosis' before translation (names come from fixed pt-BR cards)
