path,sha256,label_letter
images/0004f0875a7adf9d825d552e4c1dea38e6213fff930a12467f3a1d756ad8831a.jpg,0004f0875a7adf9d825d552e4c1dea38e6213fff930a12467f3a1d756ad8831a,E
images/00057fa9e81f4190eebcf9a1a4269dffc1cb8e973329685637492b9daf1746a1.jpg,00057fa9e81f4190eebcf9a1a4269dffc1cb8e973329685637492b9daf1746a1,E
images/003819c39e7059f092c37a9674ce68fe1088ba36ce52b668da9b0973ff254332.jpg,003819c39e7059f092c37a9674ce68fe1088ba36ce52b668da9b0973ff254332,D
images/004f48f4b13f88f873c5fa064eea94ef8686dbbf6da2da1f868a4918c158822c.jpg,004f48f4b13f88f873c5fa064eea94ef8686dbbf6da2da1f868a4918c158822c,B
images/005cecebf36611f11686751d7545598876186952406e3d761334e2de3d0c1129.jpg,005cecebf36611f11686751d7545598876186952406e3d761334e2de3d0c1129,E
images/0073016e23521000105223adf2246532f55317d574916e7652c08fe8ed8a8790.jpg,0073016e23521000105223adf2246532f55317d574916e7652c08fe8ed8a8790,C
images/007fdee42f162c0636b2dc4a9db05073e19166117f68ce4a3a596c726d3c6b22.jpg,007fdee42f162c0636b2dc4a9db05073e19166117f68ce4a3a596c726d3c6b22,E
images/0081649108bf98e88bc503dd56f06c75cc5997cf120723ef06a58b654e2c047b.jpg,0081649108bf98e88bc503dd56f06c75cc5997cf120723ef06a58b654e2c047b,E
images/00a21ce3ae247128d95e563252c5b8a8633ac0327f114a2b393a0cbf032b315a.jpg,00a21ce3ae247128d95e563252c5b8a8633ac0327f114a2b393a0cbf032b315a,B
images/00ba3bac5c3e0fcac2bb8c66b6db4a68659eeefc0ea223f156c4f853da02a75e.jpg,00ba3bac5c3e0fcac2bb8c66b6db4a68659eeefc0ea223f156c4f853da02a75e,E
images/00bed8cc7621fa3dda526093fe88769914d8fce5060d89c3ed135eac975ca0d2.jpg,00bed8cc7621fa3dda526093fe88769914d8fce5060d89c3ed135eac975ca0d2,B
images/00c7341bcda114c0597edfc176dc0f2671df865f72749da4676c6c9243751582.jpg,00c7341bcda114c0597edfc176dc0f2671df865f72749da4676c6c9243751582,E
images/00d1d85a479bc0ac02756d93642c12e73605dd4d3fbef33c3861bd9b48aa6ab4.jpg,00d1d85a479bc0ac02756d93642c12e73605dd4d3fbef33c3861bd9b48aa6ab4,E
images/00e246c03b35c839a77f450b84c70a718770e936b4608851c86e3830326f8d86.jpg,00e246c03b35c839a77f450b84c70a718770e936b4608851c86e3830326f8d86,B
images/00f4f088fe9fe1d985c4aac0b142b115ba24a2ff19e3906c5e87abbfe71f4670.jpg,00f4f088fe9fe1d985c4aac0b142b115ba24a2ff19e3906c5e87abbfe71f4670,D
images/00fdd118cde69ce56602d5dde4f52ab707f6964ec12f0648f04b5bfeba6a5d96.jpg,00fdd118cde69ce56602d5dde4f52ab707f6964ec12f0648f04b5bfeba6a5d96,B
images/01062411f797cfc244f3425896f19f3369866deadc2d73439d06d729f251a3cd.jpg,01062411f797cfc244f3425896f19f3369866deadc2d73439d06d729f251a3cd,B
images/010841b586a7ba70f0b096cd412c392b9f2664e171a19ef187cefad3d216bf88.jpg,010841b586a7ba70f0b096cd412c392b9f2664e171a19ef187cefad3d216bf88,E
images/013582b6181759542aa0594d048913b12f5cd8deef70bd3d8d2347dedbc7070c.jpg,013582b6181759542aa0594d048913b12f5cd8deef70bd3d8d2347dedbc7070c,B
images/015aaa3d487f7ff8ee437ea39b9bcf3f5fdbedd6d4bdec70483c10c7d2933642.jpg,015aaa3d487f7ff8ee437ea39b9bcf3f5fdbedd6d4bdec70483c10c7d2933642,B
images/015c77fb110c21aae37dac0a25d2c6163d2b88f852be198a3f8625ccbda46d2c.jpg,015c77fb110c21aae37dac0a25d2c6163d2b88f852be198a3f8625ccbda46d2c,E
images/01716209f4e2a706aaf9f96a31201eb5082f658bd3df63a530f1120be08b6ca7.jpg,01716209f4e2a706aaf9f96a31201eb5082f658bd3df63a530f1120be08b6ca7,E
images/0172f278bfbfb00cce658fbe08c559012a1c68e57bdb7185d606368e3c45c068.jpg,0172f278bfbfb00cce658fbe08c559012a1c68e57bdb7185d606368e3c45c068,E
images/0173b140281f4bcc2b9480f96e997f6ee4818328fc6ab31b7a7108615937b2e8.jpg,0173b140281f4bcc2b9480f96e997f6ee4818328fc6ab31b7a7108615937b2e8,E
images/017f8805c361013eedf514069f328b55862c1aa2ddabf97ddda6cd6c2eb05c24.jpg,017f8805c361013eedf514069f328b55862c1aa2ddabf97ddda6cd6c2eb05c24,E
images/01acbe0c533362a659db757010f98c5beee76c670a295081b601662b1f3d1074.jpg,01acbe0c533362a659db757010f98c5beee76c670a295081b601662b1f3d1074,E
images/01c0e431730c653fce753b68e9b925de1aca667e5c1ac87030adca1060ed2d96.jpg,01c0e431730c653fce753b68e9b925de1aca667e5c1ac87030adca1060ed2d96,E
images/01deb17d7e61598608253d79a34c37e8aeb6ead7be1db9de53e70f06f64b1e39.jpg,01deb17d7e61598608253d79a34c37e8aeb6ead7be1db9de53e70f06f64b1e39,E
images/01f472a7c3396f8a8b4b4bdc39a5e90de4da2243b6a8c456cdfe55f38e678774.jpg,01f472a7c3396f8a8b4b4bdc39a5e90de4da2243b6a8c456cdfe55f38e678774,E
images/01f6ccb1bcbd8fe12c02b620cbf5ef3586f3d609bcf303685646286cbaa9c918.jpg,01f6ccb1bcbd8fe12c02b620cbf5ef3586f3d609bcf303685646286cbaa9c918,B
images/01f97170bb3a7478fd5ddae6366b87a467a54177fb16e88a02c17fb8bd2a292a.jpg,01f97170bb3a7478fd5ddae6366b87a467a54177fb16e88a02c17fb8bd2a292a,E
images/020df42c6ed2a3f6a48c6665e4eb5efad86689d6f371b6421b130d9fe17f25a4.jpg,020df42c6ed2a3f6a48c6665e4eb5efad86689d6f371b6421b130d9fe17f25a4,B
images/0212a8456e332b2140c7fa5b6e3e3de5613eea71f36f894c05888b5f6c46cbbd.jpg,0212a8456e332b2140c7fa5b6e3e3de5613eea71f36f894c05888b5f6c46cbbd,E
images/02178285493eac6764766dc5d13d5479dd48498e4d9bdd0d27fcd35a56e13999.jpg,02178285493eac6764766dc5d13d5479dd48498e4d9bdd0d27fcd35a56e13999,E
images/0245fcb617eb13e2eb714d7b78025ce79441be76dc0b4d8e3a1cc438bd71bfca.jpg,0245fcb617eb13e2eb714d7b78025ce79441be76dc0b4d8e3a1cc438bd71bfca,B
images/02485824d4d0dad1cdf62213e63081f0476e97160aaf017ef08671a49ab39521.jpg,02485824d4d0dad1cdf62213e63081f0476e97160aaf017ef08671a49ab39521,B
images/025848b0ca4f0902e36db1ece45864e5bf9d676ea35e6e02b7841de8b76ac01e.jpg,025848b0ca4f0902e36db1ece45864e5bf9d676ea35e6e02b7841de8b76ac01e,D
images/0259f968679b533b0c2c67adf44bc79022902b772556d1b8d1f9c2b7d12e4490.jpg,0259f968679b533b0c2c67adf44bc79022902b772556d1b8d1f9c2b7d12e4490,B
images/025ee7234b18e7290adaf1fee5498d10f752e3f009dba77ad2290bc134dbd897.jpg,025ee7234b18e7290adaf1fee5498d10f752e3f009dba77ad2290bc134dbd897,C
images/027a30a2c29d32ef3d059ed8a5fb62b332813dcdc48a06b5dbb46597d0164414.jpg,027a30a2c29d32ef3d059ed8a5fb62b332813dcdc48a06b5dbb46597d0164414,B
images/02b8224466e8014ca55bbd066f8dd8e95a2428005c940048d8d424186987d57b.jpg,02b8224466e8014ca55bbd066f8dd8e95a2428005c940048d8d424186987d57b,E
images/02ea0f06439a252fa1f2624278cbc64b2f71ff8c0f0f884716cd316e65ade958.jpg,02ea0f06439a252fa1f2624278cbc64b2f71ff8c0f0f884716cd316e65ade958,E
images/02f19fe6010c26052665d98042b31e4a7f4a3e11f90a731265fca096ab2a611b.jpg,02f19fe6010c26052665d98042b31e4a7f4a3e11f90a731265fca096ab2a611b,D
images/032a49df1f9a2eb89e6ce03173d9cb57b0bd4f6384a1b7cd93746ddaaeac7f3d.jpg,032a49df1f9a2eb89e6ce03173d9cb57b0bd4f6384a1b7cd93746ddaaeac7f3d,E
images/0350c5eb10fdd9bdb14ed1be8f0a9bdbd6f52a0beb478376b7ed0f6257b551b5.jpg,0350c5eb10fdd9bdb14ed1be8f0a9bdbd6f52a0beb478376b7ed0f6257b551b5,E
images/03592d91cf71898b8902e7dfccd576e2b75457ad3fb08c8fa667aba1517a110a.jpg,03592d91cf71898b8902e7dfccd576e2b75457ad3fb08c8fa667aba1517a110a,B
images/03798ff49bc0d4d18a50c38d2193fb1256dadd4edd49355ea24cd73f2131c343.jpg,03798ff49bc0d4d18a50c38d2193fb1256dadd4edd49355ea24cd73f2131c343,E
images/0390fc5263e5ed52d49bae5ca37c0d6b16cb2b370a6cdabd2ae86a3d80213ab5.jpg,0390fc5263e5ed52d49bae5ca37c0d6b16cb2b370a6cdabd2ae86a3d80213ab5,D
images/03a56489c517390bf15373a5f09da3b6ef86c461eebb3963d254e2577b9421f7.jpg,03a56489c517390bf15373a5f09da3b6ef86c461eebb3963d254e2577b9421f7,D
images/03b52a6aa0a49344ef784bcce5b8bc0db9fab35931865c75d0132b00a83d1b96.jpg,03b52a6aa0a49344ef784bcce5b8bc0db9fab35931865c75d0132b00a83d1b96,E
images/03ba82d829a55c3e8d609e14477dc8c8ff08ef933dd6ad67a41084362b80651b.jpg,03ba82d829a55c3e8d609e14477dc8c8ff08ef933dd6ad67a41084362b80651b,E
images/03c462757b4adbf74763822eddb82df2565e29ce549ad90ab9cef235d2db0d70.jpg,03c462757b4adbf74763822eddb82df2565e29ce549ad90ab9cef235d2db0d70,C
images/03e734dfb1e3a8b518e3902f5ae43938f236241338aa140192ad01de582c010d.jpg,03e734dfb1e3a8b518e3902f5ae43938f236241338aa140192ad01de582c010d,E
images/03eea2ad5be3435eb640967063d433c3a29d0093eb3726ce0f7ef66772fdec5f.jpg,03eea2ad5be3435eb640967063d433c3a29d0093eb3726ce0f7ef66772fdec5f,E
images/040c15408c3d59d74c90fc3d99fb9aa7a379d068284e3bf3a897dd7492e3068a.jpg,040c15408c3d59d74c90fc3d99fb9aa7a379d068284e3bf3a897dd7492e3068a,C
images/04152dd795ee856ba95601c77366008ce755f67d2ea2fee203456f1188b7389d.jpg,04152dd795ee856ba95601c77366008ce755f67d2ea2fee203456f1188b7389d,C
images/0425ccbdef933a4d113b5c7a67a837ab9e3918f6bfb2c7fa6198d67b4ffaf0ff.jpg,0425ccbdef933a4d113b5c7a67a837ab9e3918f6bfb2c7fa6198d67b4ffaf0ff,E
images/042674bd626ddc57677476e2ea14afb710d5d2f40ae3eea6d1afc677802f2676.jpg,042674bd626ddc57677476e2ea14afb710d5d2f40ae3eea6d1afc677802f2676,D
images/042f9d8218c2ec7449c1e4a55cec4367043b707098e6c24d16865482c6c9029e.jpg,042f9d8218c2ec7449c1e4a55cec4367043b707098e6c24d16865482c6c9029e,B
images/043821934786b8f700f73c432c0e7112871772a194e007f561d95aaf88d3e033.jpg,043821934786b8f700f73c432c0e7112871772a194e007f561d95aaf88d3e033,E
images/049cd330210eec64c0a46a068499e7e7d97c76b2b608e14724e7c33290650b0a.jpg,049cd330210eec64c0a46a068499e7e7d97c76b2b608e14724e7c33290650b0a,E
images/04a6b556b3bc558b99e120a5fa954a4743fdf63c16de4490adf2a484de2daf20.jpg,04a6b556b3bc558b99e120a5fa954a4743fdf63c16de4490adf2a484de2daf20,B
images/04b125f2f675233695f128fc47da856f37f9bd59b7c9b31cacd5fba6bb0c7672.jpg,04b125f2f675233695f128fc47da856f37f9bd59b7c9b31cacd5fba6bb0c7672,B
images/04bb8d90e8711b8def75c72cdff133c953bc37f9d3870e93b4d8f3eefd7ddee4.jpg,04bb8d90e8711b8def75c72cdff133c953bc37f9d3870e93b4d8f3eefd7ddee4,B
images/04dbd2867e0e47becbe4ef5eba74628b88b6fdc89060d824707ed27e38f3755f.jpg,04dbd2867e0e47becbe4ef5eba74628b88b6fdc89060d824707ed27e38f3755f,D
images/05053f525551194ee93f10da7bee05466d800f35813b330a02bc85855bf291aa.jpg,05053f525551194ee93f10da7bee05466d800f35813b330a02bc85855bf291aa,D
images/0511fe2625faf3d9b74b8c5a25b0387fc1d1aec085eb15bb583ae46ea5020883.jpg,0511fe2625faf3d9b74b8c5a25b0387fc1d1aec085eb15bb583ae46ea5020883,E
images/0517c27f29ce8ad28385776edd13e33212a3a7f1a77a37959d2a3db3111fdcda.jpg,0517c27f29ce8ad28385776edd13e33212a3a7f1a77a37959d2a3db3111fdcda,C
images/052ccfa980ab73e729d5c07c75672a8190aff1020f3c828358179778ccbc2e08.jpg,052ccfa980ab73e729d5c07c75672a8190aff1020f3c828358179778ccbc2e08,E
images/053a49c8972ed51540e8d9f49bb364e873ae4254e8295a2e9b872ba8b3e2ebfc.jpg,053a49c8972ed51540e8d9f49bb364e873ae4254e8295a2e9b872ba8b3e2ebfc,E
images/053b995bc9880587e4814898bc763214c9c8f01e3d81f3abdf52652c00737e54.jpg,053b995bc9880587e4814898bc763214c9c8f01e3d81f3abdf52652c00737e54,B
images/054d7acc0c7bbaf5885b8cdc240de2ad46cc3a9e02a8128e72b8d2aca8d673f4.jpg,054d7acc0c7bbaf5885b8cdc240de2ad46cc3a9e02a8128e72b8d2aca8d673f4,D
images/056e92dd4499a93bcf274f3de3e2ae077f5604984fb8e7981aa8b095e734571d.jpg,056e92dd4499a93bcf274f3de3e2ae077f5604984fb8e7981aa8b095e734571d,D
images/05925581b2cb16724aab4351aa38610281239455e14a613b510a11fafb91d2e3.jpg,05925581b2cb16724aab4351aa38610281239455e14a613b510a11fafb91d2e3,E
images/05989a896e844aa7f5ba7970367ac4141725f4691dd11720f8d6d3634cfa5f6d.jpg,05989a896e844aa7f5ba7970367ac4141725f4691dd11720f8d6d3634cfa5f6d,D
images/05ad9d4d078aff8b5649241faa6fb32b3ab5beafaa0778d0108b6d39851829db.jpg,05ad9d4d078aff8b5649241faa6fb32b3ab5beafaa0778d0108b6d39851829db,E
images/05b657b1d015569423753166281acc4d717af6d5e8165b086a4cf3f421947f99.jpg,05b657b1d015569423753166281acc4d717af6d5e8165b086a4cf3f421947f99,E
images/05c8e68657cac068d773034cbc4f2f8d1d55eee6481007cadf1d184d8486c817.jpg,05c8e68657cac068d773034cbc4f2f8d1d55eee6481007cadf1d184d8486c817,E
images/05d6c14254de7d47b590bef6f31a29a4bcfc1a79cc2eecfe1be473a6107a0fbe.jpg,05d6c14254de7d47b590bef6f31a29a4bcfc1a79cc2eecfe1be473a6107a0fbe,B
images/05dd443c04972efc01571351c1a2920c2959be675ea61274d6a45daa4d28d6f7.jpg,05dd443c04972efc01571351c1a2920c2959be675ea61274d6a45daa4d28d6f7,E
images/05ddba14d5b4f5ebfd4ed6de9bd4322cec5ce4164289e3c015d185c4a3b7e150.jpg,05ddba14d5b4f5ebfd4ed6de9bd4322cec5ce4164289e3c015d185c4a3b7e150,E
images/05ecd7ed524babbd80cbd41ae9bdb19b5cde9858da88618520f073d6791145d4.jpg,05ecd7ed524babbd80cbd41ae9bdb19b5cde9858da88618520f073d6791145d4,E
images/0610d2d545f29ae177b8b78932712099c39d89d327bc9acb1d3bdd1c5f24e9b9.jpg,0610d2d545f29ae177b8b78932712099c39d89d327bc9acb1d3bdd1c5f24e9b9,B
images/061208924478a99567d98053f383183191f5202975a7c2f10fc80ebd9dfb0635.jpg,061208924478a99567d98053f383183191f5202975a7c2f10fc80ebd9dfb0635,E
images/0616c9c48bdfa958f1589fcd5ed15493dd03dfa00d9a59d342149d759827df7a.jpg,0616c9c48bdfa958f1589fcd5ed15493dd03dfa00d9a59d342149d759827df7a,D
images/061f37b7d7fb95a1242fb5e08897c213619d22c4b8b51f2065ecb6b68c8c7319.jpg,061f37b7d7fb95a1242fb5e08897c213619d22c4b8b51f2065ecb6b68c8c7319,E
images/062dc3f0c3fd6b2bb6c5549b7cebb5c97c720a046435389b61d814eb1c3cc2cc.jpg,062dc3f0c3fd6b2bb6c5549b7cebb5c97c720a046435389b61d814eb1c3cc2cc,E
images/0647b2326194646e83ad0ebb7172cd72305756be8bc1a542f63c7d49b8b0f728.jpg,0647b2326194646e83ad0ebb7172cd72305756be8bc1a542f63c7d49b8b0f728,E
images/0661fe5c17abff375fb738b6855606295a8ef0998a7963e9e3c5f5149e5938d6.jpg,0661fe5c17abff375fb738b6855606295a8ef0998a7963e9e3c5f5149e5938d6,B
images/06b5f448af3aa71974df75bcc75a2eab01044162042fb02c0668d75142f4c044.jpg,06b5f448af3aa71974df75bcc75a2eab01044162042fb02c0668d75142f4c044,E
images/06b71017117d564157d420597e1d754c6ab75b0552a18910be3701ba04ee6f7c.jpg,06b71017117d564157d420597e1d754c6ab75b0552a18910be3701ba04ee6f7c,D
images/06b83b0850485bfc501b6f6fd5eb92d9eb71c13491e3cc97b359858b30655dce.jpg,06b83b0850485bfc501b6f6fd5eb92d9eb71c13491e3cc97b359858b30655dce,E
images/06ceb0ead2b2efaf548483c2097519c929eb386d73b9ebb74acc29a12eb74a76.jpg,06ceb0ead2b2efaf548483c2097519c929eb386d73b9ebb74acc29a12eb74a76,D
images/07079dd38430feeda774ab0c6e0e7865ed79614a814a9b4a7f695965a4c9e7b9.jpg,07079dd38430feeda774ab0c6e0e7865ed79614a814a9b4a7f695965a4c9e7b9,B
images/0711919025d4a02d53792ae4cc76da15738142cf52a6b5b9077692aecd65e5a6.jpg,0711919025d4a02d53792ae4cc76da15738142cf52a6b5b9077692aecd65e5a6,E
images/0743579424616990edf1685723d7548c62830dca78db3186e654e360a729f02e.jpg,0743579424616990edf1685723d7548c62830dca78db3186e654e360a729f02e,E
images/075509a6bf04ffdf1693486ff315022d0865778dd33027c52d49e87a3a6109ab.jpg,075509a6bf04ffdf1693486ff315022d0865778dd33027c52d49e87a3a6109ab,D
images/07ac9106aa2e5c43eb9a96266c94a1f773acf9557e8f574bd9b40305abb389e0.jpg,07ac9106aa2e5c43eb9a96266c94a1f773acf9557e8f574bd9b40305abb389e0,D
images/07af981cb7a3eb7654cf4558d8d36c1d3750f00b432ced8c0ad9fb1bcb13986e.jpg,07af981cb7a3eb7654cf4558d8d36c1d3750f00b432ced8c0ad9fb1bcb13986e,E
images/07be1c48aceb48a12ae58442be79dc8c303f6d7f26a3675f6ec17bb491ec9c83.jpg,07be1c48aceb48a12ae58442be79dc8c303f6d7f26a3675f6ec17bb491ec9c83,B
images/07cd8d396b584e7e50fe5cc4e5d642fe0e92f1dda1ae8f392d943ab808863b6b.jpg,07cd8d396b584e7e50fe5cc4e5d642fe0e92f1dda1ae8f392d943ab808863b6b,E
images/07d5bffb8284808da52c38e708bd067f6f8fc24877c22b30b79a52ccb1daccf6.jpg,07d5bffb8284808da52c38e708bd067f6f8fc24877c22b30b79a52ccb1daccf6,D
images/07dc7b921c6ad65322b98fa74c94e20d0b3ff8cd4da01c83ec682abb7db83061.jpg,07dc7b921c6ad65322b98fa74c94e20d0b3ff8cd4da01c83ec682abb7db83061,E
images/07e1c016e750679339644d237b09e062c2593bfb08bffce5f2fc242c95035f5f.jpg,07e1c016e750679339644d237b09e062c2593bfb08bffce5f2fc242c95035f5f,E
images/07e703b762cee58787ebc294131a27b91006e06acea47edcabf123a65d6bd7e9.jpg,07e703b762cee58787ebc294131a27b91006e06acea47edcabf123a65d6bd7e9,E
images/07f8c4bfd8a24b91016b059adbf593895510700f98eb91c6e6f195106a4f165e.jpg,07f8c4bfd8a24b91016b059adbf593895510700f98eb91c6e6f195106a4f165e,A
images/0818f254f0355f70609b8d55eac696821645332d7d1e93d8c1f05734c2f6a14b.jpg,0818f254f0355f70609b8d55eac696821645332d7d1e93d8c1f05734c2f6a14b,C
images/083006c46f5b2e00c07d4d8d9b66fab865e9a3af9ffaa0d37d1d1548c9765eaa.jpg,083006c46f5b2e00c07d4d8d9b66fab865e9a3af9ffaa0d37d1d1548c9765eaa,E
images/0882cf91062e4e55f112a2bd8e8199a84af3fc67c929d2249049bcca0a00c822.jpg,0882cf91062e4e55f112a2bd8e8199a84af3fc67c929d2249049bcca0a00c822,E
images/0891b2187ed49c9c89fc4d4a5837fadb56ff1f35958591d56d272c0ea64e20af.jpg,0891b2187ed49c9c89fc4d4a5837fadb56ff1f35958591d56d272c0ea64e20af,B
images/08df4ea52fc06890e2845403237f79ec993932d456902ad4711e97813c0d4cdb.jpg,08df4ea52fc06890e2845403237f79ec993932d456902ad4711e97813c0d4cdb,B
images/08f862954ed71bc7fc89903b97da1780190e2dc168b1cc5dd9c17fb1d53d2bc9.jpg,08f862954ed71bc7fc89903b97da1780190e2dc168b1cc5dd9c17fb1d53d2bc9,E
images/0908be6fd0000374f4835c4677473c27726dc31c02383bebfb409f61244c5f67.jpg,0908be6fd0000374f4835c4677473c27726dc31c02383bebfb409f61244c5f67,C
images/0921b0fe0a59f1b403a1416a8799cd54ba7d9b807ce426fcb2fea1f759e92175.jpg,0921b0fe0a59f1b403a1416a8799cd54ba7d9b807ce426fcb2fea1f759e92175,D
images/096b2b713f36ec3603f866c63042a9b9a057df2a204843d84f7fc13be9a07da0.jpg,096b2b713f36ec3603f866c63042a9b9a057df2a204843d84f7fc13be9a07da0,E
images/09b474f0e9222f28d059f02d80765d1d53c6d0cf697620a87f82674ea241fce7.jpg,09b474f0e9222f28d059f02d80765d1d53c6d0cf697620a87f82674ea241fce7,B
images/09edfeb65bc2b77558a564ba5e236243da4efec3f7772be0077e71d468700e55.jpg,09edfeb65bc2b77558a564ba5e236243da4efec3f7772be0077e71d468700e55,D
images/0a01cf885650c3025e790deaf17d758d25a7e3ca5a56f1c24108bb76bb2fc86a.jpg,0a01cf885650c3025e790deaf17d758d25a7e3ca5a56f1c24108bb76bb2fc86a,D
images/0a1ac19b4c5ebe66fba5abf1688385a1b61a158b1ac976c52d1ce8cb71e0a15c.jpg,0a1ac19b4c5ebe66fba5abf1688385a1b61a158b1ac976c52d1ce8cb71e0a15c,E
images/0a29916106b9513ee2d96907c17c5ba3b31119fe791badebb247114e7ab1cb1a.jpg,0a29916106b9513ee2d96907c17c5ba3b31119fe791badebb247114e7ab1cb1a,C
images/0a2a76490c7ea871500b93deb7ba7c22bdb77df4a9218259fd1c2f7bf5a8fa22.jpg,0a2a76490c7ea871500b93deb7ba7c22bdb77df4a9218259fd1c2f7bf5a8fa22,E
images/0a4b6bb08cb4b7aea5a88c684bc936b776b2f7065d86a9c8465356be90d0b7d3.jpg,0a4b6bb08cb4b7aea5a88c684bc936b776b2f7065d86a9c8465356be90d0b7d3,D
images/0a62a30e796700b73b6ab4651a5f07794c43a27331958bab9e028f8c7abe22be.jpg,0a62a30e796700b73b6ab4651a5f07794c43a27331958bab9e028f8c7abe22be,E
images/0a66d8211f0968da1823d88fd8bb3c961e2a0ce7008a537149db794647cde6b1.jpg,0a66d8211f0968da1823d88fd8bb3c961e2a0ce7008a537149db794647cde6b1,D
images/0a7ec12f98b6a3fcdfeb7d4fa47977f2fa0953cd1429c4dcc15c29f055f38b68.jpg,0a7ec12f98b6a3fcdfeb7d4fa47977f2fa0953cd1429c4dcc15c29f055f38b68,B
images/0a8194f14fc027daf8098d3098e719f1e3fa8b5ecc68ff1093b3dfd57e7d4140.jpg,0a8194f14fc027daf8098d3098e719f1e3fa8b5ecc68ff1093b3dfd57e7d4140,E
images/0a8a1a910535eff77caf5fd8f0d5a908538f661b22a3498e0368abdcf1bd9aff.jpg,0a8a1a910535eff77caf5fd8f0d5a908538f661b22a3498e0368abdcf1bd9aff,C
images/0a9cd8bfe8ecc405a08dc146fa3b7ede101af5fcfbacfe71d73592c895585ba7.jpg,0a9cd8bfe8ecc405a08dc146fa3b7ede101af5fcfbacfe71d73592c895585ba7,E
images/0aa4b0a76fb7b3223c9ec6e69be4aeb6ca98399dc0645fcb0f4abecd0744ac9d.jpg,0aa4b0a76fb7b3223c9ec6e69be4aeb6ca98399dc0645fcb0f4abecd0744ac9d,B
images/0adc5966847e72c21871be9e0cbf6a9536731a92d68dfc932a04f55dedf6c7c8.jpg,0adc5966847e72c21871be9e0cbf6a9536731a92d68dfc932a04f55dedf6c7c8,E
images/0afa53f9e437b5ebc426092a1619a0f91aa825c1e6fddaf46ae10277a3edc32d.jpg,0afa53f9e437b5ebc426092a1619a0f91aa825c1e6fddaf46ae10277a3edc32d,E
images/0b14215a5fb6fb0904f149b0ca90680c660a28b1d0ddcd288d733bc043c7735e.jpg,0b14215a5fb6fb0904f149b0ca90680c660a28b1d0ddcd288d733bc043c7735e,E
images/0b2dbdbdecf1ae833acaee93a42bc64f7a2bc341bc831528de1be7717820f6f6.jpg,0b2dbdbdecf1ae833acaee93a42bc64f7a2bc341bc831528de1be7717820f6f6,D
images/0b5092916504a381e00a1b2c62410a8b8d4b3c4d454f09c79e9487022cb2c2fd.jpg,0b5092916504a381e00a1b2c62410a8b8d4b3c4d454f09c79e9487022cb2c2fd,E
images/0b587ba9756946eb4cf77ae632381e148e9f88dc4ec46be82ac1e13914edfb1d.jpg,0b587ba9756946eb4cf77ae632381e148e9f88dc4ec46be82ac1e13914edfb1d,E
images/0b5e98720aee9f2826996469c6e7f6c745a4f3a4b82b1d05f5ad658baab32ec2.jpg,0b5e98720aee9f2826996469c6e7f6c745a4f3a4b82b1d05f5ad658baab32ec2,E
images/0b673356ac89cc79565a475fc5b70757c32f47268e95accacffba5a01bf74b15.jpg,0b673356ac89cc79565a475fc5b70757c32f47268e95accacffba5a01bf74b15,E
images/0b96f52ba0ee469aa0ec38ccd51b4db6b7a412ad43c4bbfce1911a5b08b8452b.jpg,0b96f52ba0ee469aa0ec38ccd51b4db6b7a412ad43c4bbfce1911a5b08b8452b,E
images/0ba8aa355b5411bf672dad61e6d6745396558552e1472b3994ab12be3d5e9dc4.jpg,0ba8aa355b5411bf672dad61e6d6745396558552e1472b3994ab12be3d5e9dc4,D
images/0bbb47181d503c2cfe755e368171281b181e597ccc75a9427ee88d50bdaf3d25.jpg,0bbb47181d503c2cfe755e368171281b181e597ccc75a9427ee88d50bdaf3d25,B
images/0bc8a35ec2e05be6223cd5a3faf8d9abbe07679205f57bc53db97f22854ecd37.jpg,0bc8a35ec2e05be6223cd5a3faf8d9abbe07679205f57bc53db97f22854ecd37,D
images/0be1a324d63386e9dce287106842eebd86267badf08a7f678afe52218d555e6b.jpg,0be1a324d63386e9dce287106842eebd86267badf08a7f678afe52218d555e6b,E
images/0c0bdeabde603bfae9717a533f37b7e1aef19acd8b34f28c7dac336428f4c42f.jpg,0c0bdeabde603bfae9717a533f37b7e1aef19acd8b34f28c7dac336428f4c42f,B
images/0c0c54dd2a9d66d1678eaebae0af4e9826e9531dcf7ad0cfaa1b48c64a98bb50.jpg,0c0c54dd2a9d66d1678eaebae0af4e9826e9531dcf7ad0cfaa1b48c64a98bb50,E
images/0c121930ee5cc574282b8fe216b06145939d43b07e9caf259e1066f59c7375b3.jpg,0c121930ee5cc574282b8fe216b06145939d43b07e9caf259e1066f59c7375b3,B
images/0c1d9f62ccdd4d6e91e68a2285c368161caa28153d958d05198bef70b97c31f0.jpg,0c1d9f62ccdd4d6e91e68a2285c368161caa28153d958d05198bef70b97c31f0,C
images/0c5e27d67993a8b9f08ec476d7e1ac1994b64fdb2809acbceadcb36c9469dcc3.jpg,0c5e27d67993a8b9f08ec476d7e1ac1994b64fdb2809acbceadcb36c9469dcc3,C
images/0c70c015667d68f9eb0be17e98c659ed8c7facac64dd1ae5da747655c30226dd.jpg,0c70c015667d68f9eb0be17e98c659ed8c7facac64dd1ae5da747655c30226dd,D
images/0c9e0cfe16abe508f66fa22e09d042821706f49da64e46e4bb73bab46118f718.jpg,0c9e0cfe16abe508f66fa22e09d042821706f49da64e46e4bb73bab46118f718,B
images/0ccd95f734cfbeb75c2a50f384cb36defa9dede6b690949035e798f5025d6fb5.jpg,0ccd95f734cfbeb75c2a50f384cb36defa9dede6b690949035e798f5025d6fb5,B
images/0cd7622676d4c3b737626ce82878fb1aa33f5a12058247d1a2ffd4befa21fb00.jpg,0cd7622676d4c3b737626ce82878fb1aa33f5a12058247d1a2ffd4befa21fb00,D
images/0cd846c42c0b7a59d2563e1bc55b70d4baeffb2a526e9991d042c7174d062cc5.jpg,0cd846c42c0b7a59d2563e1bc55b70d4baeffb2a526e9991d042c7174d062cc5,D
images/0cf2494d7c9489ae1f93599c0541084876e71969aa4334a42fc8d1439d823317.jpg,0cf2494d7c9489ae1f93599c0541084876e71969aa4334a42fc8d1439d823317,D
images/0d085050ac8c8027c1eb7725e44e6a2707132664c7fa143fa94457bcbbd08df4.jpg,0d085050ac8c8027c1eb7725e44e6a2707132664c7fa143fa94457bcbbd08df4,C
images/0d0bdbfdd6810356cd4644975c8726f1fc1ec9e73f5f045b2cda2ad45ce80901.jpg,0d0bdbfdd6810356cd4644975c8726f1fc1ec9e73f5f045b2cda2ad45ce80901,C
images/0d1860166428cb5243be4ccdbc4ab06c7cd874ba85217d56772eb832a4e8bd82.jpg,0d1860166428cb5243be4ccdbc4ab06c7cd874ba85217d56772eb832a4e8bd82,D
images/0d242acbbd8e11853ee22d03d269c8c1106f9b28797fb3b4506a7b51c1170013.jpg,0d242acbbd8e11853ee22d03d269c8c1106f9b28797fb3b4506a7b51c1170013,E
images/0d8a35701824a621f0ef183f898ce6add14a1d26d9cf766e8374b273d6e54182.jpg,0d8a35701824a621f0ef183f898ce6add14a1d26d9cf766e8374b273d6e54182,E
images/0dae235d601ecbfa60c1b3eb07ed7f9eaf001e0bf839ad0c7a0bb969ec4ff0b5.jpg,0dae235d601ecbfa60c1b3eb07ed7f9eaf001e0bf839ad0c7a0bb969ec4ff0b5,D
images/0dc414a8b43ebd588ed3103c2b1467d6f154617813ff0479c6e2cefbdb4a818a.jpg,0dc414a8b43ebd588ed3103c2b1467d6f154617813ff0479c6e2cefbdb4a818a,E
images/0dd391fe88757f9c99396456f07c576cf9f687bb7ddb2daf70edb86a302698b5.jpg,0dd391fe88757f9c99396456f07c576cf9f687bb7ddb2daf70edb86a302698b5,E
images/0dd68484aeeb314794e5b627eeacecdec035694fb35f62c5078a1be35b8ba85d.jpg,0dd68484aeeb314794e5b627eeacecdec035694fb35f62c5078a1be35b8ba85d,E
images/0de540b73e25d8f00628863f368cb929c73ae6b11d9de0aea03e634394a6c915.jpg,0de540b73e25d8f00628863f368cb929c73ae6b11d9de0aea03e634394a6c915,E
images/0defc652bd1c7d96e270bfc4645b25586be9dc6090a3b54cac0715617538edba.jpg,0defc652bd1c7d96e270bfc4645b25586be9dc6090a3b54cac0715617538edba,D
images/0dfffd1361c8287d82241864f72088143fd400c34a05506990590e8dee96ec12.jpg,0dfffd1361c8287d82241864f72088143fd400c34a05506990590e8dee96ec12,B
images/0e1b8fb0f93332ddc58ba624593248b3e5d45c304be9a59b3138adfc7bd16beb.jpg,0e1b8fb0f93332ddc58ba624593248b3e5d45c304be9a59b3138adfc7bd16beb,B
images/0e214c27dc74f29534e32398063a036fe957d8f85d3797a0b7b4f89ed3c32faf.jpg,0e214c27dc74f29534e32398063a036fe957d8f85d3797a0b7b4f89ed3c32faf,B
images/0e4a8027b7ea1e3fac6ab6bbb29610eb470fca4a6aac8bb846670c86021ead2f.jpg,0e4a8027b7ea1e3fac6ab6bbb29610eb470fca4a6aac8bb846670c86021ead2f,D
images/0e4dfd04294ec8bb9bf5a30dd93cbde9b1b550e8d18e071f85b570ed8c3b3502.jpg,0e4dfd04294ec8bb9bf5a30dd93cbde9b1b550e8d18e071f85b570ed8c3b3502,E
images/0e4e7ff015c697a6e5fde98bde21503e2473afca9ba1277900321ab1bcc622aa.jpg,0e4e7ff015c697a6e5fde98bde21503e2473afca9ba1277900321ab1bcc622aa,E
images/0e74ed6f756b5208d917dfdd463bcd171f16ac93ad6936dfcf84029b8406c742.jpg,0e74ed6f756b5208d917dfdd463bcd171f16ac93ad6936dfcf84029b8406c742,E
images/0e8212ddb349aeead28a2b4db04f0a4703b3671250c7a127f76b26005cdfb136.jpg,0e8212ddb349aeead28a2b4db04f0a4703b3671250c7a127f76b26005cdfb136,E
images/0e82e426f1b6482edd2ad1f7c44536f69fbeca95d1be7c7b247f9b1ad1b643e3.jpg,0e82e426f1b6482edd2ad1f7c44536f69fbeca95d1be7c7b247f9b1ad1b643e3,B
images/0e861559fc132da5ec3fbec1793b356197a33b7859c20aaff42057d8f5f613ec.jpg,0e861559fc132da5ec3fbec1793b356197a33b7859c20aaff42057d8f5f613ec,E
images/0e90e8f08fd78ed4fe40504adfb3d0dce0fd84e080ad86c7800d8bb5eb918412.jpg,0e90e8f08fd78ed4fe40504adfb3d0dce0fd84e080ad86c7800d8bb5eb918412,E
images/0ea95e651122de2d4f74f916a53f330d77fa68fae473516e79ead34bd078840b.jpg,0ea95e651122de2d4f74f916a53f330d77fa68fae473516e79ead34bd078840b,B
images/0eac9de776441c13aa084f55a77f1e91ecffe3b15a7f977fe0703dc36b6c30ed.jpg,0eac9de776441c13aa084f55a77f1e91ecffe3b15a7f977fe0703dc36b6c30ed,B
images/0eec12d73ad8bfacd99fb2d3cd2297fc78b4d362f3dbcfae9b5a1c659dface66.jpg,0eec12d73ad8bfacd99fb2d3cd2297fc78b4d362f3dbcfae9b5a1c659dface66,E
images/0f26ccff093aefd38a26f21eac86644b71d2c6cf9b229554544fdf7efa0132d5.jpg,0f26ccff093aefd38a26f21eac86644b71d2c6cf9b229554544fdf7efa0132d5,D
images/0f311480cc489367ee38400c1f4479760ef8d63a94c8e4e3c452652a3d0a5285.jpg,0f311480cc489367ee38400c1f4479760ef8d63a94c8e4e3c452652a3d0a5285,B
images/0f40d9249370ecca7ecc37f19f1b6e67d9da1228830488a4e87c584062459898.jpg,0f40d9249370ecca7ecc37f19f1b6e67d9da1228830488a4e87c584062459898,B
images/0f50fa64174c1cebb780bfff02baea50527f64910fb9b8a17a4ffa9584e90f84.jpg,0f50fa64174c1cebb780bfff02baea50527f64910fb9b8a17a4ffa9584e90f84,E
images/0f53c446ffef5233ac0efa2829b483e81b9ffe78e521774d8ff1aff1b8a39342.jpg,0f53c446ffef5233ac0efa2829b483e81b9ffe78e521774d8ff1aff1b8a39342,D
images/0f69654996b8e74702cc4a52a2451eaab7383d4720b7ea7b0256591e7f7a083c.jpg,0f69654996b8e74702cc4a52a2451eaab7383d4720b7ea7b0256591e7f7a083c,C
images/0f97e71545d35118686dc796a9d1ebcf95d26f102dbf579b3419cc16ebee5023.jpg,0f97e71545d35118686dc796a9d1ebcf95d26f102dbf579b3419cc16ebee5023,E
images/0faddb72f2205e2056bc99c523f6998911ac545b1fc71ac7b68d06bfd5e27e8a.jpg,0faddb72f2205e2056bc99c523f6998911ac545b1fc71ac7b68d06bfd5e27e8a,B
images/0fce8971d0c20e46c20f74543e80a8eecb8f2a5d1d6bb8c655b55a7cf5c8471e.jpg,0fce8971d0c20e46c20f74543e80a8eecb8f2a5d1d6bb8c655b55a7cf5c8471e,E
images/0fd6485105b2d7395fcc742c586011687ceb5ceab71d29031b4d0fe32fba9549.jpg,0fd6485105b2d7395fcc742c586011687ceb5ceab71d29031b4d0fe32fba9549,C
images/0ff661026b8b8ae41f5deb75f5346f0707e529f6a36c5c6dd2fb8065ed3a2ac6.jpg,0ff661026b8b8ae41f5deb75f5346f0707e529f6a36c5c6dd2fb8065ed3a2ac6,E
images/0ffaad94fcd49cf5202edfd878e41859f38075c790d71a5552f430af8774d274.jpg,0ffaad94fcd49cf5202edfd878e41859f38075c790d71a5552f430af8774d274,B
images/10077b72fc870672c43c2ed4efb30615f7a932a068b8de7a9837e2edaea6af90.jpg,10077b72fc870672c43c2ed4efb30615f7a932a068b8de7a9837e2edaea6af90,B
images/100a37d1fa6db3966ba380853a4314a200210a357beb84ca54c9013b8d413062.jpg,100a37d1fa6db3966ba380853a4314a200210a357beb84ca54c9013b8d413062,E
images/102b9b641075c40a8720010dd6a9494183df4ff1567759a071d16548efbbea3e.jpg,102b9b641075c40a8720010dd6a9494183df4ff1567759a071d16548efbbea3e,D
images/104eef1dd4a8f3a568cdb082ebc22e99f99de916acfc817c929dc17c22205dc0.jpg,104eef1dd4a8f3a568cdb082ebc22e99f99de916acfc817c929dc17c22205dc0,E
images/1072aebd7e16f0fc5ee8e2a471f3c00accdde7b4ff702c7fefef66d9c2804079.jpg,1072aebd7e16f0fc5ee8e2a471f3c00accdde7b4ff702c7fefef66d9c2804079,E
images/107a0e306234f0c19a458c970168522060782bc26c0e108b43b77a3e479c38ec.jpg,107a0e306234f0c19a458c970168522060782bc26c0e108b43b77a3e479c38ec,E
images/109a18ecc91b7768cde35f48c0e26127e9c539b698cf01bea3ce782cfb559c12.jpg,109a18ecc91b7768cde35f48c0e26127e9c539b698cf01bea3ce782cfb559c12,B
images/10add4734399152e6e80e802f3696530d4e754ec31e2d48318cfdeee06803c7f.jpg,10add4734399152e6e80e802f3696530d4e754ec31e2d48318cfdeee06803c7f,E
images/10bc80b91cd39e2c2b7af84d84d392005844bc9583ef5f04e6efe449b103b3e5.jpg,10bc80b91cd39e2c2b7af84d84d392005844bc9583ef5f04e6efe449b103b3e5,E
images/10bf7192ec9e311db905d39c69bae1dddd6fb8391d1b439185c494adc3c7625c.jpg,10bf7192ec9e311db905d39c69bae1dddd6fb8391d1b439185c494adc3c7625c,B
images/10d61952861dc0872a524b42a8f3b4ba71803bd01e73eaf3e80fdf79dcc74f53.jpg,10d61952861dc0872a524b42a8f3b4ba71803bd01e73eaf3e80fdf79dcc74f53,B
images/10f8896e891533fcad90c0742184ecf90387716b4bc1901a0030669fa0b93952.jpg,10f8896e891533fcad90c0742184ecf90387716b4bc1901a0030669fa0b93952,D
images/111d643814a6ef40c4e58b4fcbc192bace6d02773562ebe60df4bdb8fb0b4a15.jpg,111d643814a6ef40c4e58b4fcbc192bace6d02773562ebe60df4bdb8fb0b4a15,B
images/112aeaadf3702b1aeaef9669f2825e707a3a890b00a8b91490a8bdbb2b1f71de.jpg,112aeaadf3702b1aeaef9669f2825e707a3a890b00a8b91490a8bdbb2b1f71de,B
images/113d4761cfc37e79b25d7340c2e82027c1c9f39e17e159a61f03e701930d550c.jpg,113d4761cfc37e79b25d7340c2e82027c1c9f39e17e159a61f03e701930d550c,B
images/114a1bf9a6f24a36886c5e036404e706392b02533813974ae7a8f9760d51a83b.jpg,114a1bf9a6f24a36886c5e036404e706392b02533813974ae7a8f9760d51a83b,E
images/1153c76dd5ea6578c08d2884cd625303a4ddf7126ae6c28a2610ddaa6e17ad3d.jpg,1153c76dd5ea6578c08d2884cd625303a4ddf7126ae6c28a2610ddaa6e17ad3d,D
images/117590693174547bf8986efdb2cecb59b6258e5e8913813f67851427ac06fd9b.jpg,117590693174547bf8986efdb2cecb59b6258e5e8913813f67851427ac06fd9b,D
images/118c69ce123a94a6f8851dfb10ec59a75d4631c9961dbbd698afb12dd20f83a6.jpg,118c69ce123a94a6f8851dfb10ec59a75d4631c9961dbbd698afb12dd20f83a6,E
images/11ab2d0c65e98fca056f24b993ce1252c71c0d7f53edf68456296a370dda5a0a.jpg,11ab2d0c65e98fca056f24b993ce1252c71c0d7f53edf68456296a370dda5a0a,E
images/11d42311200264bf410d7a4570d15e18a413eddbe28ae3a9594a4a268afd779b.jpg,11d42311200264bf410d7a4570d15e18a413eddbe28ae3a9594a4a268afd779b,B
images/1202aa5e2f24a00e5db95c90742be018d0e8c0b20d3d612993cfb161daee4bd1.jpg,1202aa5e2f24a00e5db95c90742be018d0e8c0b20d3d612993cfb161daee4bd1,B
images/120885bb277e9989bc416db923485c44c55ddde1846bf0e918b0d44e9d117c2c.jpg,120885bb277e9989bc416db923485c44c55ddde1846bf0e918b0d44e9d117c2c,D
images/12139d64835ee978c5364ee07d84062332f25a9185517bc04b31206d390f5929.jpg,12139d64835ee978c5364ee07d84062332f25a9185517bc04b31206d390f5929,B
images/123dd6c92eae90c9157c5bcd209a792b90aaf15b2e0b72b006e18347e0ef53b8.jpg,123dd6c92eae90c9157c5bcd209a792b90aaf15b2e0b72b006e18347e0ef53b8,E
images/1243cc0b429ed8803c18cce58a3140cc280e8153cb416e465187635ab3adbfd0.jpg,1243cc0b429ed8803c18cce58a3140cc280e8153cb416e465187635ab3adbfd0,B
images/12512da0ffcd23bd214e0e9aee2dad38d86fc5974265dd602053f836324ae9b6.jpg,12512da0ffcd23bd214e0e9aee2dad38d86fc5974265dd602053f836324ae9b6,B
images/1256502f6849385c5145c650178fff095d2361201676660f5262cd39879ac037.jpg,1256502f6849385c5145c650178fff095d2361201676660f5262cd39879ac037,C
images/1290c88a1a26b8293ac62afbf15ee68958c6c10d3c00197fd4c9412fa54e4e3e.jpg,1290c88a1a26b8293ac62afbf15ee68958c6c10d3c00197fd4c9412fa54e4e3e,E
images/129e5aeee19abced40f16ba3f32c6784254c350b4145b0d6c9849d8824e1a853.jpg,129e5aeee19abced40f16ba3f32c6784254c350b4145b0d6c9849d8824e1a853,B
images/12a6d4bd4cb8d3be045848228e034f630c348fe50cba0498b759878e06290b9a.jpg,12a6d4bd4cb8d3be045848228e034f630c348fe50cba0498b759878e06290b9a,E
images/12b014d13c6806b9f3c9d6b007533defba46d3e4b98d1ddc93dbadbce97ec029.jpg,12b014d13c6806b9f3c9d6b007533defba46d3e4b98d1ddc93dbadbce97ec029,E
images/12c822b43c4f24ea24c81df1e2362a404ea294115ad9dfc893a72856036d26cb.jpg,12c822b43c4f24ea24c81df1e2362a404ea294115ad9dfc893a72856036d26cb,D
images/12e2bbe98cb29ed9fec5d8a636690cd25e633655d42cbdce49e05e017184d63a.jpg,12e2bbe98cb29ed9fec5d8a636690cd25e633655d42cbdce49e05e017184d63a,E
images/12f54de3ff75f760ee1cae982bdcf35ef9de8e7324897a5622085b494fbfe25f.jpg,12f54de3ff75f760ee1cae982bdcf35ef9de8e7324897a5622085b494fbfe25f,E
images/12fc19b632e79316f1642a81892bf828d8bf0acb37f3061d45154fa6d414aeb1.jpg,12fc19b632e79316f1642a81892bf828d8bf0acb37f3061d45154fa6d414aeb1,E
images/12fd1e32ea033c85425b011e0cb4926177dfc2a7eccb62f057cfae191a499a4c.jpg,12fd1e32ea033c85425b011e0cb4926177dfc2a7eccb62f057cfae191a499a4c,E
images/1301a0d3f79edb583d3f696dd5e890ca13d768803b8e1639e91805c3c79c9055.jpg,1301a0d3f79edb583d3f696dd5e890ca13d768803b8e1639e91805c3c79c9055,B
images/1318e8bec03e1eecd2f4de261d7e92bd6c7c374eb1036ba5e26cea0905f456f0.jpg,1318e8bec03e1eecd2f4de261d7e92bd6c7c374eb1036ba5e26cea0905f456f0,E
images/133d090bfacbe94ad3abfd9d464e8df228e684d4e235e4dee50c26ccc1c5330c.jpg,133d090bfacbe94ad3abfd9d464e8df228e684d4e235e4dee50c26ccc1c5330c,D
images/13588738df3da75fd2632212863ef6bd801f77b45f9d703b89696c03afd67b02.jpg,13588738df3da75fd2632212863ef6bd801f77b45f9d703b89696c03afd67b02,C
images/135f67df6da4a652aa76cdd39492e274d6f11f06cd7ab8b3279fa5926865e2ea.jpg,135f67df6da4a652aa76cdd39492e274d6f11f06cd7ab8b3279fa5926865e2ea,A
images/1373b61996c28f22f8b02afc71f231d1116cf2b59be114b2ad4fade5b28a9f0d.jpg,1373b61996c28f22f8b02afc71f231d1116cf2b59be114b2ad4fade5b28a9f0d,B
images/13a3256e8f35af3a1cfad1007b87063f572f04deaee2902c03fe73b9ffd8ae7b.jpg,13a3256e8f35af3a1cfad1007b87063f572f04deaee2902c03fe73b9ffd8ae7b,E
images/13b040db89311d3583f1561c0420130c6d9c1a122b09239f2c07195bb7757d10.jpg,13b040db89311d3583f1561c0420130c6d9c1a122b09239f2c07195bb7757d10,E
images/13b0b3a6880b893849e8d62c4269a0ca66dd19243825146d5de51e9c1576ba74.jpg,13b0b3a6880b893849e8d62c4269a0ca66dd19243825146d5de51e9c1576ba74,E
images/13d27161bddd105efeb09c48b871fb1d713e1f4c1db02b2d73e07a95cd212384.jpg,13d27161bddd105efeb09c48b871fb1d713e1f4c1db02b2d73e07a95cd212384,D
images/13f005c7e15bc72ba669d5f817a53527c9790d68c46a419e5098e059c5d67f18.jpg,13f005c7e15bc72ba669d5f817a53527c9790d68c46a419e5098e059c5d67f18,D
images/13f3a650cd6cac0728b8e9856c8a72f47b10661d7e88c4c4080f40185b4cfa76.jpg,13f3a650cd6cac0728b8e9856c8a72f47b10661d7e88c4c4080f40185b4cfa76,A
images/13f5faa42b04cc623eefaba76229b41e97618a8663e6be3bfa425e727ff40e2e.jpg,13f5faa42b04cc623eefaba76229b41e97618a8663e6be3bfa425e727ff40e2e,E
images/14093d6ef0227811d68a97b59f02bc5bfa99b78f063d9494df879c01907fbd96.jpg,14093d6ef0227811d68a97b59f02bc5bfa99b78f063d9494df879c01907fbd96,D
images/141a1d9276aa667174eea436cddf042f695cd2ba2625b70fd86b228bdd9dd6f8.jpg,141a1d9276aa667174eea436cddf042f695cd2ba2625b70fd86b228bdd9dd6f8,B
images/141faafacc0f7be330ddd68c6650c2c4a94fbc7f5a52e73560699ebca781b355.jpg,141faafacc0f7be330ddd68c6650c2c4a94fbc7f5a52e73560699ebca781b355,C
images/1430bf48d45db59ec31c4bf73a1f863506c4655b7b30707f480d19122cf8e024.jpg,1430bf48d45db59ec31c4bf73a1f863506c4655b7b30707f480d19122cf8e024,B
images/143d2c9a7b3b21327bb443c9c50b89c7492107bacf71f01ebc3ffe965a8d94d8.jpg,143d2c9a7b3b21327bb443c9c50b89c7492107bacf71f01ebc3ffe965a8d94d8,E
images/148193c575e5f48b5eada4cafb982edc276159b6498b0f363a787daf8e7be78e.jpg,148193c575e5f48b5eada4cafb982edc276159b6498b0f363a787daf8e7be78e,B
images/149fce6310a2e6e0002777a71b85a249d4963c25fcbf8d1489ff221c20eb4717.jpg,149fce6310a2e6e0002777a71b85a249d4963c25fcbf8d1489ff221c20eb4717,D
images/14aea577441613eef815a9098be04548521931d6c81afbbe883504772ceca588.jpg,14aea577441613eef815a9098be04548521931d6c81afbbe883504772ceca588,D
images/14bddcf2c6a22b7a42ee0f1f11b5ef054faa6f5d950e1eb9e159491eeb9a7867.jpg,14bddcf2c6a22b7a42ee0f1f11b5ef054faa6f5d950e1eb9e159491eeb9a7867,C
images/14d74cc8da822730d90045057b30c5bbcf75c6c84ddfa7489e48ca8c1bc361e6.jpg,14d74cc8da822730d90045057b30c5bbcf75c6c84ddfa7489e48ca8c1bc361e6,B
images/14f8976e4e3b8f34fa6f65b2446eeb986fbc17e77f918e931f7f86204746b252.jpg,14f8976e4e3b8f34fa6f65b2446eeb986fbc17e77f918e931f7f86204746b252,B
images/1522ac1cf0bbd965e0f16ea3164a908846378be6774a951adea3449fbaf183ca.jpg,1522ac1cf0bbd965e0f16ea3164a908846378be6774a951adea3449fbaf183ca,E
images/152a9fdd2431f52fe520992bdbbeffc3f595fbee962b2cd90ad1fc32281f653f.jpg,152a9fdd2431f52fe520992bdbbeffc3f595fbee962b2cd90ad1fc32281f653f,B
images/152eb03f107cadafdd982e992c47a6d9fe0dc157a2552b5db6260237a87e7008.jpg,152eb03f107cadafdd982e992c47a6d9fe0dc157a2552b5db6260237a87e7008,B
images/154f86ff2bbeeb30926433fdf960b2696188f67224149218f728a86abf84e100.jpg,154f86ff2bbeeb30926433fdf960b2696188f67224149218f728a86abf84e100,B
images/15ea20d995a9ec305ccd1937dbb6be902cbac35f24f9e93c0b70b795a7d4d5a3.jpg,15ea20d995a9ec305ccd1937dbb6be902cbac35f24f9e93c0b70b795a7d4d5a3,D
images/160e015e6c9b44bbadf17ce3bfab94302015d704f256981f177d64943bc534be.jpg,160e015e6c9b44bbadf17ce3bfab94302015d704f256981f177d64943bc534be,D
images/161aabc83b23b3fe8395dd8943c227c7d921053bbf44d19ff87a8e793f1937f1.jpg,161aabc83b23b3fe8395dd8943c227c7d921053bbf44d19ff87a8e793f1937f1,E
images/1644c678640b08d51fcbcd662d246766f847cf2ee29db9ba7217c81c610d79a0.jpg,1644c678640b08d51fcbcd662d246766f847cf2ee29db9ba7217c81c610d79a0,E
images/1645331390cef307c945b48170ca9459fd612ed37dd9f4a4339ad5da1a037b77.jpg,1645331390cef307c945b48170ca9459fd612ed37dd9f4a4339ad5da1a037b77,B
images/165df8931c953b8213e5328474551cab028706f61df72e768f81d0fbf9cb2ac8.jpg,165df8931c953b8213e5328474551cab028706f61df72e768f81d0fbf9cb2ac8,B
images/169343a9425ba52bdb80762f8b8cb923e5d67e28fea6568cc391dae4691ff981.jpg,169343a9425ba52bdb80762f8b8cb923e5d67e28fea6568cc391dae4691ff981,E
images/16c46a1c29cb7881e4bfc500fcb3d1ce851bb495836ab1f723e626265f6278fd.jpg,16c46a1c29cb7881e4bfc500fcb3d1ce851bb495836ab1f723e626265f6278fd,A
images/16df582b72a6f0c3860c8af96aad064b9d993e1a179b58ea6d6b20705b1f739e.jpg,16df582b72a6f0c3860c8af96aad064b9d993e1a179b58ea6d6b20705b1f739e,E
images/16e13e6398fbac8fe7dae8de630c1412aa9b43e027cb4feafb1fe21f05f430b7.jpg,16e13e6398fbac8fe7dae8de630c1412aa9b43e027cb4feafb1fe21f05f430b7,D
images/16e59f02e4e80dd3b8d9a28822c98c8e0e24242aa001bb2337c3eb37a33df169.jpg,16e59f02e4e80dd3b8d9a28822c98c8e0e24242aa001bb2337c3eb37a33df169,A
images/17098814227d89620d13b7ae3e56832d6913cc0c3eb4a4ef661ca64fa17837e4.jpg,17098814227d89620d13b7ae3e56832d6913cc0c3eb4a4ef661ca64fa17837e4,E
images/171191093e6cce80042edc90ca6a9e1ddf9840b9f7c4dfafaece70eab41b19ea.jpg,171191093e6cce80042edc90ca6a9e1ddf9840b9f7c4dfafaece70eab41b19ea,B
images/17126da1e983dbc6dbb4ddf905ff33fbb3290bea008f67129cede9f1d96c5088.jpg,17126da1e983dbc6dbb4ddf905ff33fbb3290bea008f67129cede9f1d96c5088,E
images/173f0a0ac28bb364ccfff85d2f9976aa1d652e359f8cf7b5a31054064acfbe1e.jpg,173f0a0ac28bb364ccfff85d2f9976aa1d652e359f8cf7b5a31054064acfbe1e,D
images/174d71ebad80a84c74e2ff8d5dfdbfd19c34a13d9f5bef3741c347ac235116ce.jpg,174d71ebad80a84c74e2ff8d5dfdbfd19c34a13d9f5bef3741c347ac235116ce,B
images/1795d322f823a4d437fdc4778ca9abaf74b6b114b18b894d54a1e8dd2398f630.jpg,1795d322f823a4d437fdc4778ca9abaf74b6b114b18b894d54a1e8dd2398f630,C
images/1798fc5a4875ab3b70508d25d83680a289e6afd06e1d3f1a92958581a026a464.jpg,1798fc5a4875ab3b70508d25d83680a289e6afd06e1d3f1a92958581a026a464,E
images/17a34fa3062f7fff25b1b8a40f4f58f4651faa2ec73f53d5dec2d973ebb98297.jpg,17a34fa3062f7fff25b1b8a40f4f58f4651faa2ec73f53d5dec2d973ebb98297,C
images/17d2165214e37f0b2f6e2b1fcfb4287580763952868d767c9fb0bfa7a77a4844.jpg,17d2165214e37f0b2f6e2b1fcfb4287580763952868d767c9fb0bfa7a77a4844,C
images/17d2ceec46534f507bdcc8b4e55bd31d0b205c78150f2228fa42459e091934f0.jpg,17d2ceec46534f507bdcc8b4e55bd31d0b205c78150f2228fa42459e091934f0,B
images/17eb451e24e33423db1566935702ae5ed539517144c3285a5ae513c1dfc9466f.jpg,17eb451e24e33423db1566935702ae5ed539517144c3285a5ae513c1dfc9466f,C
images/1807e3fd449e8d2621a3bc46136e5a672fe862e8fdbb73b8c38d07e7126068b3.jpg,1807e3fd449e8d2621a3bc46136e5a672fe862e8fdbb73b8c38d07e7126068b3,E
images/18239028cb74bf2190ffe1da3a35f067a242b4e317a2e925ce1b385d7cce2ba2.jpg,18239028cb74bf2190ffe1da3a35f067a242b4e317a2e925ce1b385d7cce2ba2,E
images/1840cea72a74c75c2a5d55c362ee58d76daf98aa87a4d947488c0959d31e0bba.jpg,1840cea72a74c75c2a5d55c362ee58d76daf98aa87a4d947488c0959d31e0bba,D
images/186568a52ca3f50ac3127f93136541f5364b76f566957bc9c061554831440053.jpg,186568a52ca3f50ac3127f93136541f5364b76f566957bc9c061554831440053,E
images/187de31e3f018caf9a979ce006c3697232a1536f19857fdce1ee4aef482996c3.jpg,187de31e3f018caf9a979ce006c3697232a1536f19857fdce1ee4aef482996c3,E
images/18b69cc8bd301930bf459879e2f3b8cf9f0e1ff225689a679513d5d86c66ae13.jpg,18b69cc8bd301930bf459879e2f3b8cf9f0e1ff225689a679513d5d86c66ae13,E
images/1938ef4959067fbc821bf831e2ff7c7f8d773565000cf57f0b8adf9941ed2a6e.jpg,1938ef4959067fbc821bf831e2ff7c7f8d773565000cf57f0b8adf9941ed2a6e,B
images/1940ff872a7ae8a5100a93901cf6fea820afbd4750da538b8ecf3a6c487b77e7.jpg,1940ff872a7ae8a5100a93901cf6fea820afbd4750da538b8ecf3a6c487b77e7,B
images/19790c2afb4814c424114a0331f79e012f5366db5e2224e49fafe3e28ad98de5.jpg,19790c2afb4814c424114a0331f79e012f5366db5e2224e49fafe3e28ad98de5,D
images/1a03bf4a192abfe92f9e176fbe29c0a1b97620ffb6007d7e9681baa5157ffee1.jpg,1a03bf4a192abfe92f9e176fbe29c0a1b97620ffb6007d7e9681baa5157ffee1,C
images/1a143e311a9f80182df9b1eeabded8c381c41ff82342e0652532a19901677f90.jpg,1a143e311a9f80182df9b1eeabded8c381c41ff82342e0652532a19901677f90,B
images/1a490833f992992abe9e06a2b8e72595449961aba48fa024a5236f614298d6da.jpg,1a490833f992992abe9e06a2b8e72595449961aba48fa024a5236f614298d6da,E
images/1a73d3546114155048860ed3117234393b707b53cdaa684db2f823ca507e626d.jpg,1a73d3546114155048860ed3117234393b707b53cdaa684db2f823ca507e626d,E
images/1a898bdeb024a05dfd8a64ef6119fee063413eb6b0012284a032fad74324088f.jpg,1a898bdeb024a05dfd8a64ef6119fee063413eb6b0012284a032fad74324088f,C
images/1ab260430d154fed19ebfb5e4d6ccadc0086dd4e8f17e7eec549c1d4e5ea4bf6.jpg,1ab260430d154fed19ebfb5e4d6ccadc0086dd4e8f17e7eec549c1d4e5ea4bf6,E
images/1ab6bb52a13afe8ecb5cd5261e00d0857c3e1ab03f7f433463c39c15a09ae9c2.jpg,1ab6bb52a13afe8ecb5cd5261e00d0857c3e1ab03f7f433463c39c15a09ae9c2,C
images/1abc5d3fc36a5763f9e62fd2e19ad9a23d110621561ed931de3dcc710fed4948.jpg,1abc5d3fc36a5763f9e62fd2e19ad9a23d110621561ed931de3dcc710fed4948,E
images/1ac4ed69f293c80f0acf567dad1501d53478a245df466ef98f45373516ab3b84.jpg,1ac4ed69f293c80f0acf567dad1501d53478a245df466ef98f45373516ab3b84,E
images/1aefdf9d0f10d9131d09b19411a8d5f36061616f1d7ab2471008b299ed0e968a.jpg,1aefdf9d0f10d9131d09b19411a8d5f36061616f1d7ab2471008b299ed0e968a,D
images/1af840ee84414492dd1751f688ff7c586cec7958c29876206e8332c05c442f0c.jpg,1af840ee84414492dd1751f688ff7c586cec7958c29876206e8332c05c442f0c,D
images/1b11d84e7e02c9eeba2767ae0c4dc750237f898a27ca6cb973caaa3220c42c3c.jpg,1b11d84e7e02c9eeba2767ae0c4dc750237f898a27ca6cb973caaa3220c42c3c,E
images/1b18f634dee1010fb34bb945c76896e5243ba131d4c747b592853d9884fb5adb.jpg,1b18f634dee1010fb34bb945c76896e5243ba131d4c747b592853d9884fb5adb,B
images/1b1b64c018633c0c798ebd57e4008d671062740436ac6c85d0c80e96f17f7843.jpg,1b1b64c018633c0c798ebd57e4008d671062740436ac6c85d0c80e96f17f7843,E
images/1b307009fc4c20bb94620d492ce949da93e0f260c5b7556f52e98a945b594690.jpg,1b307009fc4c20bb94620d492ce949da93e0f260c5b7556f52e98a945b594690,C
images/1b32cd10fa31ad93faa015c11e3eb87dde4da655db9a058e02ca380f177dcd93.jpg,1b32cd10fa31ad93faa015c11e3eb87dde4da655db9a058e02ca380f177dcd93,E
images/1b4236004ed9495d34f7980abdc0ed17786730cfeaca52e25fbb239517f1b27c.jpg,1b4236004ed9495d34f7980abdc0ed17786730cfeaca52e25fbb239517f1b27c,B
images/1b4d65b39ea9af6794d6894e301fb22f10b379b1bccd6a91bcada8c7be3cd0a6.jpg,1b4d65b39ea9af6794d6894e301fb22f10b379b1bccd6a91bcada8c7be3cd0a6,D
images/1b53f5caf54e669ade82c4ab1dff817c0b3a8b739edcec8191207c6f8f410548.jpg,1b53f5caf54e669ade82c4ab1dff817c0b3a8b739edcec8191207c6f8f410548,E
images/1b56c9722c0bfc2a340f0b36ba6c38ea4c130b3f743f0144292c3e8aa1fd5ebc.jpg,1b56c9722c0bfc2a340f0b36ba6c38ea4c130b3f743f0144292c3e8aa1fd5ebc,E
images/1b5b7e987e36b70f94687e845ec299b918d1b979cd7220891b451ab739aceaff.jpg,1b5b7e987e36b70f94687e845ec299b918d1b979cd7220891b451ab739aceaff,E
images/1b75af94a1a217a57eb62b5416395f41abac4a7901873669ca15436ed71ff1d4.jpg,1b75af94a1a217a57eb62b5416395f41abac4a7901873669ca15436ed71ff1d4,E
images/1b9fff1d3d7e84bc38d71821864591893ab59222b2fc9a408bfb022fdf250a44.jpg,1b9fff1d3d7e84bc38d71821864591893ab59222b2fc9a408bfb022fdf250a44,E
images/1ba49bc218917b63fef326e77374649142947d23bf5ef35e0bacc14dfc4846e7.jpg,1ba49bc218917b63fef326e77374649142947d23bf5ef35e0bacc14dfc4846e7,D
images/1ba4b35aaa60e1d61a298090439d5228373ef05cc2e54fa5b3ec6678bcb5b9f7.jpg,1ba4b35aaa60e1d61a298090439d5228373ef05cc2e54fa5b3ec6678bcb5b9f7,D
images/1be64df774a8dfb51b61ccf9d8b4847103bcb70083054d974e9f1eb1bda8f39d.jpg,1be64df774a8dfb51b61ccf9d8b4847103bcb70083054d974e9f1eb1bda8f39d,C
images/1bf72b764a35cd16f5673490ba18418971ed1d3fc0ba9cf4af407067d8292edd.jpg,1bf72b764a35cd16f5673490ba18418971ed1d3fc0ba9cf4af407067d8292edd,B
images/1c027d34af8d601fecaa3ec895307ec15858a52e6811f323fc6a99de0a644efd.jpg,1c027d34af8d601fecaa3ec895307ec15858a52e6811f323fc6a99de0a644efd,B
images/1c0864989258bb54d5461f3acb5611721b30cdb7f3053be59b3ecca8ee058e0e.jpg,1c0864989258bb54d5461f3acb5611721b30cdb7f3053be59b3ecca8ee058e0e,B
images/1c12e0bad6c2be2b59508cc29e2c25bb230c856b6d2322fcb8f026cefa5ec097.jpg,1c12e0bad6c2be2b59508cc29e2c25bb230c856b6d2322fcb8f026cefa5ec097,D
images/1c45d2992a968dfea9cdad1247017cf386e872ff8f3a027e70aa69a7d12dd0b0.jpg,1c45d2992a968dfea9cdad1247017cf386e872ff8f3a027e70aa69a7d12dd0b0,E
images/1c4e985e3595f4743b4cf14ca27401671f5b7c454111bc86b895271bbaf3d9c2.jpg,1c4e985e3595f4743b4cf14ca27401671f5b7c454111bc86b895271bbaf3d9c2,B
images/1c5101c35127d2f202034bf088b7ffa9afa14807d40ec6e54bf84ae587b2e30a.jpg,1c5101c35127d2f202034bf088b7ffa9afa14807d40ec6e54bf84ae587b2e30a,E
images/1c525caabf38c58fb3340fd7ff56073a79f404b19ec3e5523f8b814bdbdb568e.jpg,1c525caabf38c58fb3340fd7ff56073a79f404b19ec3e5523f8b814bdbdb568e,E
images/1c84d38284212f645bc7ac3b4003949af3688d3832d3d016c6923726a11fffc2.jpg,1c84d38284212f645bc7ac3b4003949af3688d3832d3d016c6923726a11fffc2,D
images/1c9ddb78640b7ef390f0df5aa0a5b53fc0a82acf6d98551f616611f385f27b7d.jpg,1c9ddb78640b7ef390f0df5aa0a5b53fc0a82acf6d98551f616611f385f27b7d,E
images/1cd84c2ec78ea6f46eaaf8306ab7e9de45294984b78a455a5857e8c08d19897c.jpg,1cd84c2ec78ea6f46eaaf8306ab7e9de45294984b78a455a5857e8c08d19897c,D
images/1cd93e9ffba918ae10ed49454b092c87eac84d97a0a6714b2831e06f03c5ba79.jpg,1cd93e9ffba918ae10ed49454b092c87eac84d97a0a6714b2831e06f03c5ba79,D
images/1ce0ec3501cdb9d5c5ebbb5b3dccda4d24047c2f4c8617f01572610c5b0f76db.jpg,1ce0ec3501cdb9d5c5ebbb5b3dccda4d24047c2f4c8617f01572610c5b0f76db,D
images/1cf095b5a82a08c306ae9e5538cb5ebaad32609cd5df9e1c1ab5b8adafef5216.jpg,1cf095b5a82a08c306ae9e5538cb5ebaad32609cd5df9e1c1ab5b8adafef5216,B
images/1d2b781ee79b231a15faad25f8b7d7a7abcf34331ed1d1af49561f9e3aedcbcb.jpg,1d2b781ee79b231a15faad25f8b7d7a7abcf34331ed1d1af49561f9e3aedcbcb,E
images/1d6393062e89642e90a4842f2f233652560c0661fca143a47cd1d018e67c7213.jpg,1d6393062e89642e90a4842f2f233652560c0661fca143a47cd1d018e67c7213,B
images/1d6e1c8362e7f0562c242c59c5577e1b3c7dffafd40041108809a277e4d0348d.jpg,1d6e1c8362e7f0562c242c59c5577e1b3c7dffafd40041108809a277e4d0348d,E
images/1da114303092040bf3bfab3450c3815ab3ceb0ea8986bfafc834643255b395a9.jpg,1da114303092040bf3bfab3450c3815ab3ceb0ea8986bfafc834643255b395a9,D
images/1db86a721d6fc05d427add130ce48dc253553f7058a776ac2c8063edf4f351de.jpg,1db86a721d6fc05d427add130ce48dc253553f7058a776ac2c8063edf4f351de,B
images/1dc0ff92744d2092461ef884b765da4f9c860dc9193a550a3376ea320e0ea843.jpg,1dc0ff92744d2092461ef884b765da4f9c860dc9193a550a3376ea320e0ea843,E
images/1dc6f6b2609811172b55d77f86090210cfa2480bec98820499269ed976213b71.jpg,1dc6f6b2609811172b55d77f86090210cfa2480bec98820499269ed976213b71,E
images/1dd57b3c2570a4838ecd538cfb268e00ea1131f860f7093829e8f389af9f5c37.jpg,1dd57b3c2570a4838ecd538cfb268e00ea1131f860f7093829e8f389af9f5c37,B
images/1e14010f90ca313b774f1a8d748a249c2b7201b1a1a0c46a36e11bc5f0c94a3e.jpg,1e14010f90ca313b774f1a8d748a249c2b7201b1a1a0c46a36e11bc5f0c94a3e,E
images/1e481213a5439381d86aabb81b2be3081e202d42463861b09de098be3b1e7c53.jpg,1e481213a5439381d86aabb81b2be3081e202d42463861b09de098be3b1e7c53,E
images/1e61b2edf248b8ae730f5405cf0e48cdd4b8a06aa4a99dbeda1acf7fc90b68c6.jpg,1e61b2edf248b8ae730f5405cf0e48cdd4b8a06aa4a99dbeda1acf7fc90b68c6,B
images/1e9a73a48327044dfedfa531299ed2ca85c65d356b317c69effc2d42a34a68e5.jpg,1e9a73a48327044dfedfa531299ed2ca85c65d356b317c69effc2d42a34a68e5,E
images/1ecb00213e1f52cf9de3bf166afd54d48e12336594e03ef94b8ad4f9df775930.jpg,1ecb00213e1f52cf9de3bf166afd54d48e12336594e03ef94b8ad4f9df775930,C
images/1f69984d1ac9a683ad9a35f442dcda87953695a31f16bc292fbf97817751befb.jpg,1f69984d1ac9a683ad9a35f442dcda87953695a31f16bc292fbf97817751befb,E
images/1f74ecb4ba0ac1835a08cc8cd87c9ac136aa80edb1499aa9507be60684f821a8.jpg,1f74ecb4ba0ac1835a08cc8cd87c9ac136aa80edb1499aa9507be60684f821a8,B
images/1f7988ddb54dbb3481ad421238ee07d7cb087d88c71323e63c6357dbd9d7f264.jpg,1f7988ddb54dbb3481ad421238ee07d7cb087d88c71323e63c6357dbd9d7f264,B
images/1f7aa211740bf0e8c35b0d53a48488b089a62a9203a7606e665d51d66e1a41f3.jpg,1f7aa211740bf0e8c35b0d53a48488b089a62a9203a7606e665d51d66e1a41f3,E
images/1f7ec49b0a430caf357be76a491a39306d593b3dee0ba8469272681f693874e1.jpg,1f7ec49b0a430caf357be76a491a39306d593b3dee0ba8469272681f693874e1,B
images/1fa776a395da15003043ff07f13968383734144e62f0da98baac4e937f1dce33.jpg,1fa776a395da15003043ff07f13968383734144e62f0da98baac4e937f1dce33,E
images/1fad4aa8608029ba2038a2e845aedeb1493ce95c54b1d59b7a85cf273bf5fcf5.jpg,1fad4aa8608029ba2038a2e845aedeb1493ce95c54b1d59b7a85cf273bf5fcf5,B
images/1fb647e3cc0eeee91ceed40c4bffac6bde0c0ea8c9a8920c280cb4abfb009241.jpg,1fb647e3cc0eeee91ceed40c4bffac6bde0c0ea8c9a8920c280cb4abfb009241,E
images/1fcfcc97989ced7895ef6c076e403ea6503da14432805bc418b0954774885bb3.jpg,1fcfcc97989ced7895ef6c076e403ea6503da14432805bc418b0954774885bb3,E
images/1ff74980a34b45c0eaed5313aa71c598b199e554a6ad0d777f7e2475094a16db.jpg,1ff74980a34b45c0eaed5313aa71c598b199e554a6ad0d777f7e2475094a16db,D
images/2001297a32a73be3da7d23ba506a0da289ee50d87b0fff539483a9076b50fbaf.jpg,2001297a32a73be3da7d23ba506a0da289ee50d87b0fff539483a9076b50fbaf,B
images/204c656bdae538178135ac647f695d3ad430ca1e6942a5168fbc0a642cb4455e.jpg,204c656bdae538178135ac647f695d3ad430ca1e6942a5168fbc0a642cb4455e,B
images/20516a42f3800f4246eec992a5f24b800738674cc795307fae768acca948b748.jpg,20516a42f3800f4246eec992a5f24b800738674cc795307fae768acca948b748,D
images/207558a3d4cf9648420972773dc4cf45b00a8cb59e0888a27ca9338aad1d85eb.jpg,207558a3d4cf9648420972773dc4cf45b00a8cb59e0888a27ca9338aad1d85eb,B
images/20894700d35e7b58849ab8cb21613ef93a0de6aaf57a23efdcf62882afa6d0eb.jpg,20894700d35e7b58849ab8cb21613ef93a0de6aaf57a23efdcf62882afa6d0eb,D
images/20b40f083eb94cd16d9a4760216e55c1abe40f1df50d2d865f81991527ce83ef.jpg,20b40f083eb94cd16d9a4760216e55c1abe40f1df50d2d865f81991527ce83ef,D
images/211c828be823f227b5446d66d01f09ca721411b8e14c4ea405bd38cec5218550.jpg,211c828be823f227b5446d66d01f09ca721411b8e14c4ea405bd38cec5218550,E
images/213126d9a703d7a819a2d10dd343c7ef80422d9514853a8076dbb355d3e3efdf.jpg,213126d9a703d7a819a2d10dd343c7ef80422d9514853a8076dbb355d3e3efdf,D
images/213d9144acd0d396c86a2f907dc9a688fabd4a717fa8571e11123349956eb35a.jpg,213d9144acd0d396c86a2f907dc9a688fabd4a717fa8571e11123349956eb35a,B
images/214cc987b130f3188f2660bdf5d0b0f73056b28b527bcf1336fad9af9832c672.jpg,214cc987b130f3188f2660bdf5d0b0f73056b28b527bcf1336fad9af9832c672,B
images/215a1f6cc052b05c3d782025998e468967d496431b710f889217223a94d2c17d.jpg,215a1f6cc052b05c3d782025998e468967d496431b710f889217223a94d2c17d,B
images/21639b2e7cd472ef8c116bc2deddf867f75f8d11f16a8684022a9e3058887816.jpg,21639b2e7cd472ef8c116bc2deddf867f75f8d11f16a8684022a9e3058887816,E
images/21b5a4ff69fb27bb4619afcc6f3f7caccb479944c30a29625fc6c6bc621badc0.jpg,21b5a4ff69fb27bb4619afcc6f3f7caccb479944c30a29625fc6c6bc621badc0,E
images/21ba514bcabb4c3a962cee9c3ae38f5c5e9fa4b948bc4ce34181aee9b9a0774f.jpg,21ba514bcabb4c3a962cee9c3ae38f5c5e9fa4b948bc4ce34181aee9b9a0774f,B
images/21ca220030973abd5750d2a5fde85aec6b10f085f1b53c9e0f0d1d4b3ecfef4d.jpg,21ca220030973abd5750d2a5fde85aec6b10f085f1b53c9e0f0d1d4b3ecfef4d,D
images/21e842cf0b124fea01d5a914fc7c33b545fedabddcd7767413331d96c32cd0ba.jpg,21e842cf0b124fea01d5a914fc7c33b545fedabddcd7767413331d96c32cd0ba,E
images/21ead9a95bc0a849c4c004d21e85ebcb80919d64abdb829422829a3d935d2717.jpg,21ead9a95bc0a849c4c004d21e85ebcb80919d64abdb829422829a3d935d2717,D
images/21ee5ddf07df74d1f4cd7e1d9a24dfa0d292989f5d69a638479e0614b6913ccb.jpg,21ee5ddf07df74d1f4cd7e1d9a24dfa0d292989f5d69a638479e0614b6913ccb,E
images/222e6b673e5e4dd24f8c8050de8bb5a50ab9df72c12b93b2604c1de8e078edc9.jpg,222e6b673e5e4dd24f8c8050de8bb5a50ab9df72c12b93b2604c1de8e078edc9,E
images/2231d8634847fa864a2242839d28c16cd50718b797d37b57cd16d6b97733339f.jpg,2231d8634847fa864a2242839d28c16cd50718b797d37b57cd16d6b97733339f,D
images/2242e90041732a0137323588e1d56a49435b9b6ec9e7727b354fe7c242eb42f2.jpg,2242e90041732a0137323588e1d56a49435b9b6ec9e7727b354fe7c242eb42f2,B
images/22a394724833e248a7a68faca7aed20b601779f91ce82285e1d3dc7385299245.jpg,22a394724833e248a7a68faca7aed20b601779f91ce82285e1d3dc7385299245,B
images/22a9461874d093d4d6b60b60b1649cf4b6356d513fa7ebb6e41ee08209d3a045.jpg,22a9461874d093d4d6b60b60b1649cf4b6356d513fa7ebb6e41ee08209d3a045,D
images/22c8655fd939966903c5b68ecd33e481339745b0dc649ba88b495261e5b0c5ed.jpg,22c8655fd939966903c5b68ecd33e481339745b0dc649ba88b495261e5b0c5ed,E
images/2300a0da1b97476651dbf7b052196961a15d287c7636740f2fd9f1d6bc3fba8f.jpg,2300a0da1b97476651dbf7b052196961a15d287c7636740f2fd9f1d6bc3fba8f,D
images/2325e339e2e454b9c1614e2d920e37c7ffc958251041153ba35a8bf90905c101.jpg,2325e339e2e454b9c1614e2d920e37c7ffc958251041153ba35a8bf90905c101,B
images/23689c54a823eedebc0bb8c38c314b2b68d9bc67a4da6f08a92573a66b98fec2.jpg,23689c54a823eedebc0bb8c38c314b2b68d9bc67a4da6f08a92573a66b98fec2,B
images/236e77cbcf03b20b39647a9ec7ea072e136d5b74a63b27770fa580bc272ac25e.jpg,236e77cbcf03b20b39647a9ec7ea072e136d5b74a63b27770fa580bc272ac25e,B
images/239474b0f9ffda07956ee87d6d7b4447437042120bb75244b695f78b3aa7f003.jpg,239474b0f9ffda07956ee87d6d7b4447437042120bb75244b695f78b3aa7f003,A
images/23d471f148a9257e41f5ed0fe94b59350ab4f9e86a6e7c1a038a9dabb9305f7a.jpg,23d471f148a9257e41f5ed0fe94b59350ab4f9e86a6e7c1a038a9dabb9305f7a,E
images/24044ce8e2e48e58111bbd96d3efabaaa37abd23dbdd0f86d436092bd911b193.jpg,24044ce8e2e48e58111bbd96d3efabaaa37abd23dbdd0f86d436092bd911b193,B
images/24299e6f86888f5cbc6d3da0dc5884b5a39cb89864d1ca0edc0a827f96aa5b1a.jpg,24299e6f86888f5cbc6d3da0dc5884b5a39cb89864d1ca0edc0a827f96aa5b1a,B
images/24729f27697b79abddb3f6b787c1c6105da54aa916746e90d536575231f57fdc.jpg,24729f27697b79abddb3f6b787c1c6105da54aa916746e90d536575231f57fdc,E
images/247d08dcf2a5b55b88750348fde9558d3f2003690af55f963ba57e8fa9ca9783.jpg,247d08dcf2a5b55b88750348fde9558d3f2003690af55f963ba57e8fa9ca9783,D
images/24d489e0b3e0e879bdca521816d0e7a8eda84fd557d5a5226ab78c80e6d5f32b.jpg,24d489e0b3e0e879bdca521816d0e7a8eda84fd557d5a5226ab78c80e6d5f32b,B
images/25013c73ae97890a451e23645f26a49efd4a57509cbb6da9d763d9202ca7bbf7.jpg,25013c73ae97890a451e23645f26a49efd4a57509cbb6da9d763d9202ca7bbf7,D
images/2513aeca531a4471478e6bedd8fe51b59af375d8419ba0941b1128cc883aaca0.jpg,2513aeca531a4471478e6bedd8fe51b59af375d8419ba0941b1128cc883aaca0,B
images/25197a03f7f2ce6405310f3f0c562900750050b1c406504f3243177ae9e0c66d.jpg,25197a03f7f2ce6405310f3f0c562900750050b1c406504f3243177ae9e0c66d,E
images/254ab014e24534378680dee800775af5c45ce794ff6afc0f9845a7c9933426c8.jpg,254ab014e24534378680dee800775af5c45ce794ff6afc0f9845a7c9933426c8,E
images/255ccc0c4d40a7fce07f895888256cec2bbd780db28a1ad2b8b1458e862540a6.jpg,255ccc0c4d40a7fce07f895888256cec2bbd780db28a1ad2b8b1458e862540a6,D
images/2578b15c98b8855bdb2a84ea750889df20653108e2dcfe6727b1c9a9c4d6aadd.jpg,2578b15c98b8855bdb2a84ea750889df20653108e2dcfe6727b1c9a9c4d6aadd,C
images/257c3992500ae6f2dadad55c1368ba139da72569f4fe32659c50ff52a3766ce1.jpg,257c3992500ae6f2dadad55c1368ba139da72569f4fe32659c50ff52a3766ce1,C
images/258d8a6660a37208704c25ea20cc98545c0755fcf04c198c9bd9b7abf8b4abd7.jpg,258d8a6660a37208704c25ea20cc98545c0755fcf04c198c9bd9b7abf8b4abd7,E
images/25e97db2b85022569ed8b78aea4d8bb941d1efc236a37027b58622d97e45e09b.jpg,25e97db2b85022569ed8b78aea4d8bb941d1efc236a37027b58622d97e45e09b,C
images/263a31dd83fefe2c867d66ec9230e61847d8b7c073334ab6b1a562f9940a2c85.jpg,263a31dd83fefe2c867d66ec9230e61847d8b7c073334ab6b1a562f9940a2c85,B
images/2678bbb3a8b503a0ad95678cce867d30e0875a34e545ad19c1ab26af6c201989.jpg,2678bbb3a8b503a0ad95678cce867d30e0875a34e545ad19c1ab26af6c201989,B
images/2680186bb70149991899ee0e22e1fc4087dca5eb8b4d1049fd5b248c579673c8.jpg,2680186bb70149991899ee0e22e1fc4087dca5eb8b4d1049fd5b248c579673c8,E
images/2686506f58381447592f32bda5832b1bcb678a093431bef6b5545f0ad374f5c8.jpg,2686506f58381447592f32bda5832b1bcb678a093431bef6b5545f0ad374f5c8,E
images/2690fe0477514d4ce4565f2c72a6e54510258643f8fc273cc2a94d421f7c3cb8.jpg,2690fe0477514d4ce4565f2c72a6e54510258643f8fc273cc2a94d421f7c3cb8,C
images/269ed9bc781f18c3217692a00c9312d46a77b416582c3d90404939ddd97453a8.jpg,269ed9bc781f18c3217692a00c9312d46a77b416582c3d90404939ddd97453a8,B
images/26accf2cbbfebf0a26781a1090fefd621cbfffff651fe7bfcb01d4656c4bfe36.jpg,26accf2cbbfebf0a26781a1090fefd621cbfffff651fe7bfcb01d4656c4bfe36,E
images/26d3c349b36275032f4a43b386c13d022aaf3d09bfde3798982980e3759b1132.jpg,26d3c349b36275032f4a43b386c13d022aaf3d09bfde3798982980e3759b1132,C
images/26f04791b884d17e0115053503d42a3796ce34b51318713521523d52eaa8f401.jpg,26f04791b884d17e0115053503d42a3796ce34b51318713521523d52eaa8f401,D
images/27760d53505be5f75b088aab0ce16c6c44cea770479caf8dff867bd5914df2b7.jpg,27760d53505be5f75b088aab0ce16c6c44cea770479caf8dff867bd5914df2b7,D
images/277c521954a2f439fe1cbe18148b54cd5fa8d2b154947d4532960abbc17b1925.jpg,277c521954a2f439fe1cbe18148b54cd5fa8d2b154947d4532960abbc17b1925,B
images/2820503948470fa49d423754dd2d2309d92c799f4343d9b09c97e8518614a6a8.jpg,2820503948470fa49d423754dd2d2309d92c799f4343d9b09c97e8518614a6a8,E
images/2839428a231240bd53d22036814ca2adaa4773a5445d5a776385eaca48b87c2a.jpg,2839428a231240bd53d22036814ca2adaa4773a5445d5a776385eaca48b87c2a,D
images/284a36f43a93d5fb4484c21b7b457e5c090a8ac699829da0f97cb775cfabc015.jpg,284a36f43a93d5fb4484c21b7b457e5c090a8ac699829da0f97cb775cfabc015,B
images/286feb98a464ea3b2119cec8a8a37b8641ed3de1da81baefb69b7160041e688f.jpg,286feb98a464ea3b2119cec8a8a37b8641ed3de1da81baefb69b7160041e688f,A
images/28917c3f23b1e612fdbe0c08e65913b3a2f78ea909dc62f35e6968ee27da6cbb.jpg,28917c3f23b1e612fdbe0c08e65913b3a2f78ea909dc62f35e6968ee27da6cbb,B
images/28a36d5ccf69d8b9c5b189a6a3bd193f066c30805305b9c81b65e6cb6f505445.jpg,28a36d5ccf69d8b9c5b189a6a3bd193f066c30805305b9c81b65e6cb6f505445,E
images/28b3a469780004fffca0c145c580951601c6d0b700c216330e9183c9d95bec44.jpg,28b3a469780004fffca0c145c580951601c6d0b700c216330e9183c9d95bec44,E
images/28b8b78022ff4f79e0b87109e24b241b1129c33075cd70e2fe2693535460342c.jpg,28b8b78022ff4f79e0b87109e24b241b1129c33075cd70e2fe2693535460342c,B
images/28cc8ff0662f318cffa13548e2924afb7a366f568a9d33ff6477db861fe22ac2.jpg,28cc8ff0662f318cffa13548e2924afb7a366f568a9d33ff6477db861fe22ac2,B
images/28fd975fa038922dfc8763f049c8b915a3952c8ed0ec2a13fbe249b3ee313c5a.jpg,28fd975fa038922dfc8763f049c8b915a3952c8ed0ec2a13fbe249b3ee313c5a,D
images/2992ae128984dd3de109efaca8194cd33ab639176978f08fe228087cc3e7df87.jpg,2992ae128984dd3de109efaca8194cd33ab639176978f08fe228087cc3e7df87,E
images/2999ebd8d96d6371a69ce1005fea177222a5c870845c9fd6e53d185f70130489.jpg,2999ebd8d96d6371a69ce1005fea177222a5c870845c9fd6e53d185f70130489,B
images/299c6451239125dacb9a0c2fd07f17ae71105964965375a32129e91d0d3142ec.jpg,299c6451239125dacb9a0c2fd07f17ae71105964965375a32129e91d0d3142ec,C
images/29aff254792185fd341b07a0ad33a6021457ff5471f71f7ebb702f601bb939ab.jpg,29aff254792185fd341b07a0ad33a6021457ff5471f71f7ebb702f601bb939ab,B
images/29b0db5db91d38324754089a9cbb0d8a23819f010c77dca6fafbcc802985539c.jpg,29b0db5db91d38324754089a9cbb0d8a23819f010c77dca6fafbcc802985539c,B
images/2a2c1c55ef60e14b2d65454036136a4514bb3f3072066edbda7de0527f4a8f83.jpg,2a2c1c55ef60e14b2d65454036136a4514bb3f3072066edbda7de0527f4a8f83,B
images/2a2e949b788f144ff3d59da2d8691eb8a9e5dac98715efb5eb74179dbec8e09c.jpg,2a2e949b788f144ff3d59da2d8691eb8a9e5dac98715efb5eb74179dbec8e09c,B
images/2a5f0fd855b76057a0c25d9b977e7e0f72f2cacf9245107c4435c32e49ef95b4.jpg,2a5f0fd855b76057a0c25d9b977e7e0f72f2cacf9245107c4435c32e49ef95b4,E
images/2a8df477b2cb32173d1c4ece3038fe29ba13cccf5a9bfc017701793ec6c04b53.jpg,2a8df477b2cb32173d1c4ece3038fe29ba13cccf5a9bfc017701793ec6c04b53,D
images/2ac3891b3cf7b2d810baa301916197d20df3ddf68abe9561d94e81035edb3c1e.jpg,2ac3891b3cf7b2d810baa301916197d20df3ddf68abe9561d94e81035edb3c1e,B
images/2af0c024488320f6aa7d17afe26c4d972148284980e9cf38907687738f68d282.jpg,2af0c024488320f6aa7d17afe26c4d972148284980e9cf38907687738f68d282,D
images/2af8f603b7b1dc7b8c168ed9902d90621ce35e0aa31f1b3a735f926a4eea0ddb.jpg,2af8f603b7b1dc7b8c168ed9902d90621ce35e0aa31f1b3a735f926a4eea0ddb,E
images/2b4dd603d8ce8373853d970780d5d91d0dc2885b4a37500e1c92b1340bafa594.jpg,2b4dd603d8ce8373853d970780d5d91d0dc2885b4a37500e1c92b1340bafa594,C
images/2b660428ee8ca63828e1d8950619ffdd345addeedc91728a170c207b30c35bbc.jpg,2b660428ee8ca63828e1d8950619ffdd345addeedc91728a170c207b30c35bbc,B
images/2b6e42ac15193bc6e732692314ae6f1689a9f2e094f7164ec34ef185a87b9820.jpg,2b6e42ac15193bc6e732692314ae6f1689a9f2e094f7164ec34ef185a87b9820,C
images/2bb41f0a585ffe6a9b3bb3d7d8c7b7d4eb8c0dc5a076e79d1fc061941fa58e8f.jpg,2bb41f0a585ffe6a9b3bb3d7d8c7b7d4eb8c0dc5a076e79d1fc061941fa58e8f,B
images/2be40168038ae2246af390422b2c9d20863dfe0f81e7b0ee01acaf4109b60b77.jpg,2be40168038ae2246af390422b2c9d20863dfe0f81e7b0ee01acaf4109b60b77,D
images/2c13396fe11bfdabaa908bade8c5f32dddba2641b61e5899bbe48dc30dc49b33.jpg,2c13396fe11bfdabaa908bade8c5f32dddba2641b61e5899bbe48dc30dc49b33,B
images/2c288375f22ae7ae79a542ad30772981652a8ef19b241050f4dead4ae36cd5b7.jpg,2c288375f22ae7ae79a542ad30772981652a8ef19b241050f4dead4ae36cd5b7,D
images/2c2da64e1b4729fd4bce1f0837409ee8b48a8954a2d50fb77847434f5fbfd5d4.jpg,2c2da64e1b4729fd4bce1f0837409ee8b48a8954a2d50fb77847434f5fbfd5d4,E
images/2c3700c23c2ddc2219362e59083eda798da25d8956ad3c57d033106aef45229c.jpg,2c3700c23c2ddc2219362e59083eda798da25d8956ad3c57d033106aef45229c,D
images/2c575d5c345a139a584f087dbf4ab9d9b7e2bdb2a26a8820661c201d17d81e82.jpg,2c575d5c345a139a584f087dbf4ab9d9b7e2bdb2a26a8820661c201d17d81e82,E
images/2c6b6cbdbda19786c32462a0d5f61215112960b09954d931febc591999ca119a.jpg,2c6b6cbdbda19786c32462a0d5f61215112960b09954d931febc591999ca119a,D
images/2c7a40c48b89c60b172efa4127ae433d786c4295358e1a05aac8f8b8c76e55e0.jpg,2c7a40c48b89c60b172efa4127ae433d786c4295358e1a05aac8f8b8c76e55e0,B
images/2d39471642f5831b31bd9eda416a9213b735f3f61988e211a89ba8a5ec8f6a39.jpg,2d39471642f5831b31bd9eda416a9213b735f3f61988e211a89ba8a5ec8f6a39,D
images/2d618a56d64e0e530aebbc820ffecbcf148d41aa8b0b8b8e5fec1b720c0c2bfa.jpg,2d618a56d64e0e530aebbc820ffecbcf148d41aa8b0b8b8e5fec1b720c0c2bfa,B
images/2d7fed491e6e0b55b21d06fc0ea54412e42d07be3a84b7cee35c9edeee4ffa59.jpg,2d7fed491e6e0b55b21d06fc0ea54412e42d07be3a84b7cee35c9edeee4ffa59,D
images/2d96ba11eca1210ae3eeec52980c8ecd8a6f879ef92323e03d2e2e517f821edf.jpg,2d96ba11eca1210ae3eeec52980c8ecd8a6f879ef92323e03d2e2e517f821edf,B
images/2e30742ab64ffcaebc8d0cbb8fc812bc9590d1d2e591b0607d1c4b05cbff8f39.jpg,2e30742ab64ffcaebc8d0cbb8fc812bc9590d1d2e591b0607d1c4b05cbff8f39,B
images/2e6980160068b6fc21f3393a750e65cfaae2cfc8cfac6690480166a9155c83ee.jpg,2e6980160068b6fc21f3393a750e65cfaae2cfc8cfac6690480166a9155c83ee,B
images/2e6c376d86e0f68277eadabdd76bf71bd816430024043bf994c88e703e6b0158.jpg,2e6c376d86e0f68277eadabdd76bf71bd816430024043bf994c88e703e6b0158,B
images/2e7b2a8b4e420e015e1204459bf5518c47511c40b3484dfb38f474607b486222.jpg,2e7b2a8b4e420e015e1204459bf5518c47511c40b3484dfb38f474607b486222,B
images/2eb74316f2d54da8ca87d662580d6dd178d9c2ffa2f50c20bfd075894c3cc38b.jpg,2eb74316f2d54da8ca87d662580d6dd178d9c2ffa2f50c20bfd075894c3cc38b,B
images/2eece0a2784205d58244d9001f19c307c4845eb78a9ab6c7c878172b5b6579d0.jpg,2eece0a2784205d58244d9001f19c307c4845eb78a9ab6c7c878172b5b6579d0,D
images/2f5032d01af87f66c7dce423d72964ccb313ab1016b6d7f7aca9be79b833a109.jpg,2f5032d01af87f66c7dce423d72964ccb313ab1016b6d7f7aca9be79b833a109,B
images/2f6094706593af6a6d4eba4cc1b1c7535a9bbb2f87552088df7c7d4facea9b02.jpg,2f6094706593af6a6d4eba4cc1b1c7535a9bbb2f87552088df7c7d4facea9b02,D
images/2faf4d7860fe15ce4490f556fa9cd6ad98ac3d668eb3564b3fa3daea0468577d.jpg,2faf4d7860fe15ce4490f556fa9cd6ad98ac3d668eb3564b3fa3daea0468577d,B
images/2ffb44865375dbbe06e7bd37458e031b447cd4aafe6455d02d39fa94f5bf1887.jpg,2ffb44865375dbbe06e7bd37458e031b447cd4aafe6455d02d39fa94f5bf1887,D
images/300c187c004e18aea41703d4c25a8b1507717d7e7f18931911f0b17028d8491b.jpg,300c187c004e18aea41703d4c25a8b1507717d7e7f18931911f0b17028d8491b,B
images/3031cb20cde869a58711a7b03467a9268f826784d61aedb129c94cfcc61a09c8.jpg,3031cb20cde869a58711a7b03467a9268f826784d61aedb129c94cfcc61a09c8,C
images/309c936f66045d8d22e629eaa5525d97f9cc5025e051474e2570720a83bd3b9f.jpg,309c936f66045d8d22e629eaa5525d97f9cc5025e051474e2570720a83bd3b9f,B
images/30b63afb7dc5fc013d78bd18a7a1e416b84e33c4200f7e754bbc7097011231df.jpg,30b63afb7dc5fc013d78bd18a7a1e416b84e33c4200f7e754bbc7097011231df,B
images/31b3010d99973c340052ff14251cef536350345cd293ad1c72b02e8de3f25dfa.jpg,31b3010d99973c340052ff14251cef536350345cd293ad1c72b02e8de3f25dfa,C
images/31e97c4c229fe96305b2f6d259023e1a12ef27418f7b3a681e31fe1d20954102.jpg,31e97c4c229fe96305b2f6d259023e1a12ef27418f7b3a681e31fe1d20954102,C
images/31f7ebb8239b6f389b4fa6e65446a4b23ab02756debb427aff561a51aaa45626.jpg,31f7ebb8239b6f389b4fa6e65446a4b23ab02756debb427aff561a51aaa45626,D
images/3205927b80d5b10d5beb6238da918b5238cb2cfd02be026a626599d63c9daf76.jpg,3205927b80d5b10d5beb6238da918b5238cb2cfd02be026a626599d63c9daf76,D
images/32237caab710524ad8d2d267eb24e516190d2a1f95314e32cb74ea1a4c01ba88.jpg,32237caab710524ad8d2d267eb24e516190d2a1f95314e32cb74ea1a4c01ba88,D
images/32240e241df408ade45a020d51702745648ced65a0ab7e702c095cc219acfae5.jpg,32240e241df408ade45a020d51702745648ced65a0ab7e702c095cc219acfae5,B
images/3267374a108b437a031e4c48ec86947780959adf76a247417cde4b0a4cbe3f96.jpg,3267374a108b437a031e4c48ec86947780959adf76a247417cde4b0a4cbe3f96,B
images/326bae4c8661009d36b63b5cd3fd2e8ab26f490a2e872110eb7e43406f56b5b5.jpg,326bae4c8661009d36b63b5cd3fd2e8ab26f490a2e872110eb7e43406f56b5b5,B
images/328565b6526b23f967ce1800fa27bbaf47b5493ecc2f785a62869cee1b888ca2.jpg,328565b6526b23f967ce1800fa27bbaf47b5493ecc2f785a62869cee1b888ca2,B
images/32b699491809178d233d187b97ac4eebae67e804c11de25d5c292712705e23bb.jpg,32b699491809178d233d187b97ac4eebae67e804c11de25d5c292712705e23bb,C
images/32e52216d35f6a0c072b6e4133deebfd180dc36d68c85a422895f9d402080399.jpg,32e52216d35f6a0c072b6e4133deebfd180dc36d68c85a422895f9d402080399,B
images/33823b1a9a4a9ff9c3adbacb0ecfe59b26c85742c7ad664f3cc65980f814b500.jpg,33823b1a9a4a9ff9c3adbacb0ecfe59b26c85742c7ad664f3cc65980f814b500,D
images/33cb66c0849fc87cb35436664193980fc6ffae0627af99961266c3cc555f2441.jpg,33cb66c0849fc87cb35436664193980fc6ffae0627af99961266c3cc555f2441,B
images/33fe5c1befef08aa7cbe93b4b414fc5e44c27fa51b665b73664549727c87e631.jpg,33fe5c1befef08aa7cbe93b4b414fc5e44c27fa51b665b73664549727c87e631,C
images/34548a2212e967899ad83fcfc224c802b66521717f1584a11fa7c643be0c19a7.jpg,34548a2212e967899ad83fcfc224c802b66521717f1584a11fa7c643be0c19a7,B
images/34c38252256baacb87731fe1059040377efbebcd0597cc24a6310d820fa027a6.jpg,34c38252256baacb87731fe1059040377efbebcd0597cc24a6310d820fa027a6,B
images/34dc35acd7bb77d952b8104c444693b15b60fb343ce29986482918d70bdc2856.jpg,34dc35acd7bb77d952b8104c444693b15b60fb343ce29986482918d70bdc2856,C
images/3511d297bab3df69d5be9e331cf0c49fecc11f065f76af0347600236f1d769ce.jpg,3511d297bab3df69d5be9e331cf0c49fecc11f065f76af0347600236f1d769ce,B
images/35345d0cd42953d26933b61cb019aa72de7ef3c2a0ea7cd3a9b0f574da4ada6d.jpg,35345d0cd42953d26933b61cb019aa72de7ef3c2a0ea7cd3a9b0f574da4ada6d,B
images/36554bfe290aa122ba1e3e14e0a48d0a3a7dc4e3e3efbfa06419c8bc70660fb0.jpg,36554bfe290aa122ba1e3e14e0a48d0a3a7dc4e3e3efbfa06419c8bc70660fb0,D
images/3682ae47ca33d72f12a088ee560fa20152fb802a91e9865579400636c6d7693b.jpg,3682ae47ca33d72f12a088ee560fa20152fb802a91e9865579400636c6d7693b,D
images/3685aebe67c3a08eac3617c39ca0c4036561bb7d428b5c32d2448c17e9c99332.jpg,3685aebe67c3a08eac3617c39ca0c4036561bb7d428b5c32d2448c17e9c99332,D
images/36b24435c46e4d5807d34ea83db07f87251f023fdbe55bb4ea9c0efb90357ae2.jpg,36b24435c46e4d5807d34ea83db07f87251f023fdbe55bb4ea9c0efb90357ae2,C
images/36d2aad2b30c5a41f19a26a6c4877ad625df24836871cbc5d266ae820d97229c.jpg,36d2aad2b30c5a41f19a26a6c4877ad625df24836871cbc5d266ae820d97229c,B
images/370b08d1571c06f422f06921dcdbd4e8d2d47e6ec781a67e76519d0feb1a5a32.jpg,370b08d1571c06f422f06921dcdbd4e8d2d47e6ec781a67e76519d0feb1a5a32,B
images/370d55f68496498bcd62c94b4ed1fb1d8729a209515e5d33e2124fcd661e9d23.jpg,370d55f68496498bcd62c94b4ed1fb1d8729a209515e5d33e2124fcd661e9d23,C
images/377d57550d81ca4b036d363c93284b944a7143a7e8e86b04f8955be572fd2aac.jpg,377d57550d81ca4b036d363c93284b944a7143a7e8e86b04f8955be572fd2aac,D
images/379269e61637ccee0998ae0bbdbba1caebc504e36f0c6ea7de08e216b7681dc0.jpg,379269e61637ccee0998ae0bbdbba1caebc504e36f0c6ea7de08e216b7681dc0,D
images/37d85105282ad59c46e2cfb9a4d017e5dbad1c2d290b8bb0e42a3385b3e1a256.jpg,37d85105282ad59c46e2cfb9a4d017e5dbad1c2d290b8bb0e42a3385b3e1a256,B
images/37f4337d2a7e311d01bee56e88a29c536566c963ed9fdbab58746fb899967074.jpg,37f4337d2a7e311d01bee56e88a29c536566c963ed9fdbab58746fb899967074,D
images/38086502ca13e621cd6b06d21d723c433aac2248275eafb7740e40f04a226e70.jpg,38086502ca13e621cd6b06d21d723c433aac2248275eafb7740e40f04a226e70,C
images/382010e85c9ae3f841144451dd928966f312e187bc585e5ff79b6d9803ef0004.jpg,382010e85c9ae3f841144451dd928966f312e187bc585e5ff79b6d9803ef0004,D
images/38d747ee5b45359d8809f04aacded096df11d4867bcd193742537da6a3464849.jpg,38d747ee5b45359d8809f04aacded096df11d4867bcd193742537da6a3464849,B
images/38f8dacc66004ce722a9cd39cb6b7f6e5c2498d84dac575d2b00875a133cff0f.jpg,38f8dacc66004ce722a9cd39cb6b7f6e5c2498d84dac575d2b00875a133cff0f,D
images/3916280606e72a576fa1ee14944379172bdbf014c6b037f39e6e92a593cf27d9.jpg,3916280606e72a576fa1ee14944379172bdbf014c6b037f39e6e92a593cf27d9,B
images/393b13b0c2a29d9d7032c0a7f7ecc0a39fb627ed71d652d341b9b778834473fb.jpg,393b13b0c2a29d9d7032c0a7f7ecc0a39fb627ed71d652d341b9b778834473fb,B
images/394172ad5157df60563e12084f7fbbd1115e43780898169ac527063f532ef446.jpg,394172ad5157df60563e12084f7fbbd1115e43780898169ac527063f532ef446,D
images/3946110733e9abf532baed20c9a3a3fe3bef810cb818584c5d57aa98fea24f24.jpg,3946110733e9abf532baed20c9a3a3fe3bef810cb818584c5d57aa98fea24f24,D
images/396ed834b02f20995406857c459dcd516a3a0bedb3fa04c9d8d06b9a48f8e367.jpg,396ed834b02f20995406857c459dcd516a3a0bedb3fa04c9d8d06b9a48f8e367,D
images/3a67e10c0d46a516fa1b7ce12f75afb28ab83dd51a7a8ea5f6b7285c333a9dbd.jpg,3a67e10c0d46a516fa1b7ce12f75afb28ab83dd51a7a8ea5f6b7285c333a9dbd,C
images/3afd27debf02f7b965ccfe5d7954ae24cc768e6fa0a0814b7705fe8153937ccf.jpg,3afd27debf02f7b965ccfe5d7954ae24cc768e6fa0a0814b7705fe8153937ccf,B
images/3b65d2248819ab7c34ebee18140c844d77086da95de273e54a48d0044a109e86.jpg,3b65d2248819ab7c34ebee18140c844d77086da95de273e54a48d0044a109e86,B
images/3b75339e8b7e033dcadb0ee2705a0831b23ee5cdcd3b8eddcfe3d9f475164bb1.jpg,3b75339e8b7e033dcadb0ee2705a0831b23ee5cdcd3b8eddcfe3d9f475164bb1,C
images/3b77fdc0040f220c98885b840b6d1e45df06abf93cf19f22f5df84c02f5f8203.jpg,3b77fdc0040f220c98885b840b6d1e45df06abf93cf19f22f5df84c02f5f8203,B
images/3bce8dda8cde95dfe0b5b5a9a4da165820c5602acc008fc09503fa555684e383.jpg,3bce8dda8cde95dfe0b5b5a9a4da165820c5602acc008fc09503fa555684e383,C
images/3bfeafe75b1825a976fe60249e95253c0ac5deb4f764a01dd45969fd2b919345.jpg,3bfeafe75b1825a976fe60249e95253c0ac5deb4f764a01dd45969fd2b919345,A
images/3bff3c98d2cfd5cef65f611ed5a7fcf3af0757cfb880193542dd96d319179f1f.jpg,3bff3c98d2cfd5cef65f611ed5a7fcf3af0757cfb880193542dd96d319179f1f,B
images/3c6bb521b74643d896be8682df015523c80bbb8ee5632becca0a68171bb1c3c5.jpg,3c6bb521b74643d896be8682df015523c80bbb8ee5632becca0a68171bb1c3c5,B
images/3cb5ad22f5ddf6c2297b3eda011e1b9dda47f9269f573dddaa0d05b6c829009c.jpg,3cb5ad22f5ddf6c2297b3eda011e1b9dda47f9269f573dddaa0d05b6c829009c,C
images/3cdbf39cca2793a0c7317b233f6fc9b9ae937bbe22d53a64d5d59621d3b8e98d.jpg,3cdbf39cca2793a0c7317b233f6fc9b9ae937bbe22d53a64d5d59621d3b8e98d,B
images/3d9e7d33bf0ba29842cfffedfc9b2110cd26d37429e330157430b88903cc7edf.jpg,3d9e7d33bf0ba29842cfffedfc9b2110cd26d37429e330157430b88903cc7edf,B
images/3e8c20c43bac47d01fb4dd88282622a1e073f136ff6ed5ae7c088691561b78df.jpg,3e8c20c43bac47d01fb4dd88282622a1e073f136ff6ed5ae7c088691561b78df,B
images/3ef522b013c47739f9fc0c75a410f284ed461d9180875356b741dbf4ae09ad65.jpg,3ef522b013c47739f9fc0c75a410f284ed461d9180875356b741dbf4ae09ad65,B
images/3f4a6f1d5a10b77669ef187b8c66420c2a46e9558a135d40e385f2f84db97985.jpg,3f4a6f1d5a10b77669ef187b8c66420c2a46e9558a135d40e385f2f84db97985,B
images/3f4d8fb1970e828210d536e2e8549ccb2a3431b43798af70dc15d3430b7ff8c8.jpg,3f4d8fb1970e828210d536e2e8549ccb2a3431b43798af70dc15d3430b7ff8c8,B
images/40ac613f6c27bc670c876e07b9b14e09117ca7d19eef733ac0127f3326ece453.jpg,40ac613f6c27bc670c876e07b9b14e09117ca7d19eef733ac0127f3326ece453,B
images/411d37ca5cea9bc16bf02b54233a813361d4696ce77f0f60af9454e73b5396f5.jpg,411d37ca5cea9bc16bf02b54233a813361d4696ce77f0f60af9454e73b5396f5,C
images/42015b04eb374f8e7f42c2003b8582bdca2cf24a7334127e92d9ff524fa36eaf.jpg,42015b04eb374f8e7f42c2003b8582bdca2cf24a7334127e92d9ff524fa36eaf,B
images/42b2319d938bc98ef83bdd858cb6940acb928d58c2af94f8fb9a988fa8b77f21.jpg,42b2319d938bc98ef83bdd858cb6940acb928d58c2af94f8fb9a988fa8b77f21,B
images/42ee210a65882dc48d974c724e45109e4ea438aab7eb16e69231a09095f333c9.jpg,42ee210a65882dc48d974c724e45109e4ea438aab7eb16e69231a09095f333c9,B
images/4459a4ee09d2bbceb5f14dd82121d637f74157da09b76098ad42098136ea13a2.jpg,4459a4ee09d2bbceb5f14dd82121d637f74157da09b76098ad42098136ea13a2,B
images/45c0e68cbc3ccd8e203dac290e390fc0db8a3f9c59145f8243377f7af5a841f5.jpg,45c0e68cbc3ccd8e203dac290e390fc0db8a3f9c59145f8243377f7af5a841f5,B
images/461b923b3ad0973819898cb444794d5437970f9f00c80fe51077485ec8f18f3e.jpg,461b923b3ad0973819898cb444794d5437970f9f00c80fe51077485ec8f18f3e,B
images/47e7bacd6fc74299504ac9f15c5146a91459594335b3b05de52b812a0a2a2057.jpg,47e7bacd6fc74299504ac9f15c5146a91459594335b3b05de52b812a0a2a2057,B
images/48693130186c7d3d8b53b033a3dd4db5a5131aacd212565cdb27f66d855d087c.jpg,48693130186c7d3d8b53b033a3dd4db5a5131aacd212565cdb27f66d855d087c,B
images/48b9f3a8a29998977122540d40499c5f81d83224d7ee78f40ae33ea27940bafa.jpg,48b9f3a8a29998977122540d40499c5f81d83224d7ee78f40ae33ea27940bafa,B
images/49ec4032476026fb68362703040fe445945b7a3993589e11a7596888c1d7986d.jpg,49ec4032476026fb68362703040fe445945b7a3993589e11a7596888c1d7986d,B
images/4b82036db6f12e49d42e731dd9b54725e601d8f0bf91e2842c1d493b75c278d0.jpg,4b82036db6f12e49d42e731dd9b54725e601d8f0bf91e2842c1d493b75c278d0,B
images/4b97bd4bc3b6bb32a46fab29ef0f053a791f4d79b930a6ad4e780ef69ba1fbf0.jpg,4b97bd4bc3b6bb32a46fab29ef0f053a791f4d79b930a6ad4e780ef69ba1fbf0,B
images/4bee6aa3f1a303670b193e543e80856e48352df579a64543741ba62d88c89565.jpg,4bee6aa3f1a303670b193e543e80856e48352df579a64543741ba62d88c89565,B
images/4dbeed04267e8b01943b97b133360c55b41cf8ad1d6fac19190affb445e1eed6.jpg,4dbeed04267e8b01943b97b133360c55b41cf8ad1d6fac19190affb445e1eed6,B
images/4dc6a3d05f60d0b0541a864a4a8cc77f8ab7524a2bff04ef9657e454ae61acc6.jpg,4dc6a3d05f60d0b0541a864a4a8cc77f8ab7524a2bff04ef9657e454ae61acc6,B
images/4dc915f60a97cf59cfff9f3e4e55843210e063d54640b726c6f64ffb57842174.jpg,4dc915f60a97cf59cfff9f3e4e55843210e063d54640b726c6f64ffb57842174,B
images/4ed5bfaed9082ecf9f9ba07aef91116eb64bacde9d770378f38eb8205841e180.jpg,4ed5bfaed9082ecf9f9ba07aef91116eb64bacde9d770378f38eb8205841e180,B
images/4eeff2b432e57a420aa209e66fe28141ab4e75a1a4cd65cda0bf189ba44c0369.jpg,4eeff2b432e57a420aa209e66fe28141ab4e75a1a4cd65cda0bf189ba44c0369,B
images/4f7869b5914871451e8618804e533e75ab31b2d1592a430a257f641e11ba73bb.jpg,4f7869b5914871451e8618804e533e75ab31b2d1592a430a257f641e11ba73bb,B
images/505c648612253e6ba792f346b6f8dad76d62707308e02ae0d7700063f799f298.jpg,505c648612253e6ba792f346b6f8dad76d62707308e02ae0d7700063f799f298,B
images/5064e67aefd9f50690a1f98d06fc38741e28d8f98e887309eec54d14cf16113b.jpg,5064e67aefd9f50690a1f98d06fc38741e28d8f98e887309eec54d14cf16113b,B
images/51179884061d6f7620ae5ca911dda5658f10ce97c11a1f8fd835699b86a4ced1.jpg,51179884061d6f7620ae5ca911dda5658f10ce97c11a1f8fd835699b86a4ced1,B
images/520eead06d3bdadb177a4ab0a00a3784a8bbc6c238cd4e0e5ff242cb1ad5e8dc.jpg,520eead06d3bdadb177a4ab0a00a3784a8bbc6c238cd4e0e5ff242cb1ad5e8dc,B
images/52a818df71af3b8a11c5d1b397f3083b64a2a1492dcbd843e5fa647cde3dd8ef.jpg,52a818df71af3b8a11c5d1b397f3083b64a2a1492dcbd843e5fa647cde3dd8ef,B
images/52be7a394880d6fcfd31a8bfad9b5a223222791105f70f206a8bd727d018c6e6.jpg,52be7a394880d6fcfd31a8bfad9b5a223222791105f70f206a8bd727d018c6e6,B
images/5377d53fdb4344e436a2c471456e462fdabfc6a3384ff1a45a7267456e3fa4c9.jpg,5377d53fdb4344e436a2c471456e462fdabfc6a3384ff1a45a7267456e3fa4c9,B
images/53b96a370365e726fe5166838ce675962837a20a63db115aa80e7ca1f3cff2d5.jpg,53b96a370365e726fe5166838ce675962837a20a63db115aa80e7ca1f3cff2d5,B
images/54018614c956f6fc1a7f7ba8c37c49f3dc85a28bb567b1123dcce568507e238a.jpg,54018614c956f6fc1a7f7ba8c37c49f3dc85a28bb567b1123dcce568507e238a,B
images/552f7be4b7fcb0ad6710a1fd9d4024d0a31da21c68b757c675ac997f6968b2e7.jpg,552f7be4b7fcb0ad6710a1fd9d4024d0a31da21c68b757c675ac997f6968b2e7,B
images/5577d9a2a9899b5c3912ae7446e456a26fde95ce96785da6053a87f089d1989a.jpg,5577d9a2a9899b5c3912ae7446e456a26fde95ce96785da6053a87f089d1989a,B
images/557dafbad7b2adf267919e92a18e14660de0b391ca4d7c0e9dbcfd5c29ca3f54.jpg,557dafbad7b2adf267919e92a18e14660de0b391ca4d7c0e9dbcfd5c29ca3f54,B
images/55d4c26baa8a34e8ab2cd26b0738f2ed52b6b3140d4038c23ff6ffedde5aaa87.jpg,55d4c26baa8a34e8ab2cd26b0738f2ed52b6b3140d4038c23ff6ffedde5aaa87,B
images/56c80ecfd951cc7308d92fbc8e6e5b5ae31d17d052e57fb49ac0459685e0e9cc.jpg,56c80ecfd951cc7308d92fbc8e6e5b5ae31d17d052e57fb49ac0459685e0e9cc,B
images/56d69b219e5fead9cf84de75ab7eefddc98ee1d6e227e5616f3c5b2374bb8bbe.jpg,56d69b219e5fead9cf84de75ab7eefddc98ee1d6e227e5616f3c5b2374bb8bbe,B
images/56fa45bf228042ed8c5054c8f823e9f3783e7b85c05266ce6eecdbc855d7ec74.jpg,56fa45bf228042ed8c5054c8f823e9f3783e7b85c05266ce6eecdbc855d7ec74,B
images/5715bad9d3c6b69eed5c1c33e0d1a77f4467eeafeac121d6da8d2075d4f2d1e6.jpg,5715bad9d3c6b69eed5c1c33e0d1a77f4467eeafeac121d6da8d2075d4f2d1e6,B
images/578db8525c8d835acab9313a53d10e224f9ca5ce5f2680b496349d603dd66a6d.jpg,578db8525c8d835acab9313a53d10e224f9ca5ce5f2680b496349d603dd66a6d,B
images/57f73e38f1df2ccd82484d5bc0316eb1a8f52e6af5067a870974893de85f0ffd.jpg,57f73e38f1df2ccd82484d5bc0316eb1a8f52e6af5067a870974893de85f0ffd,B
images/5816b4cf7e0cd5adf7d93687a5a86ae5fc9723a0020a8036ea9c70080126bffc.jpg,5816b4cf7e0cd5adf7d93687a5a86ae5fc9723a0020a8036ea9c70080126bffc,B
images/5a6405e05e669e601138116fe7d612a0eb5f1f992f046a807de731dcd92d6a4d.jpg,5a6405e05e669e601138116fe7d612a0eb5f1f992f046a807de731dcd92d6a4d,B
images/5ae7c393dca735a0fd445611c7c3ce901fa9f869ef440ee696654e478b2ab0e1.jpg,5ae7c393dca735a0fd445611c7c3ce901fa9f869ef440ee696654e478b2ab0e1,B
images/5c21db649c2b514b0781340a97e9ba8869cebf73752aefcc8594e05975859bbb.jpg,5c21db649c2b514b0781340a97e9ba8869cebf73752aefcc8594e05975859bbb,B
images/5c649a04fa16f019e677ef7c2bec62f1898fc708ac74d3726fd9d089a2559bb3.jpg,5c649a04fa16f019e677ef7c2bec62f1898fc708ac74d3726fd9d089a2559bb3,B
images/5d755d692c3ac552252e22e668184738b35412fa0f798bfeb26600ee0bf88c78.jpg,5d755d692c3ac552252e22e668184738b35412fa0f798bfeb26600ee0bf88c78,B
images/5e218cd8e5bc8b71592aaacc71e511baa75a198b20e0e8602c65a97f23794142.jpg,5e218cd8e5bc8b71592aaacc71e511baa75a198b20e0e8602c65a97f23794142,B
images/5e34dcc61e4de5fcca9aebd629d1d7e9b29ffd347a9506a7839e185cf19052fc.jpg,5e34dcc61e4de5fcca9aebd629d1d7e9b29ffd347a9506a7839e185cf19052fc,B
